ZIP File,Permissions (manifest),Over Permissions,WASM Exist,Clipboard,Downloads,Storage,Tabs,Scripting,Identity,WebRequest,Bookmarks,History,Alarms,Notifications,Context Menus,File System,Network,Rendering,User Interaction,Unknown
hicchmdfaadkadnmmkdjmcilgaplfeoa_0.2.19.zip,"[""cookies"", ""*://localhost/*"", ""scripting"", ""storage"", ""*://*.linkedin.com/*"", ""webRequest"", ""*://*.sellscale.com/*"", ""activeTab""]",[],X,{},{},"{""chrome.storage.local.get"": 9, ""chrome.storage.local.set"": 8}","{""chrome.tabs.query"": 2, ""chrome.tabs.onUpdated.addListener"": 1}","{""chrome.scripting.executeScript"": 1}",{},{},{},{},{},{},{},"{""document.querySelector"": 13}","{""fetch"": 177, ""new XMLHttpRequest"": 1}","{""setTimeout"": 32, ""document.createElement"": 15, ""setInterval"": 5, ""window.open"": 2, ""document.getElementById"": 1, ""new MutationObserver"": 1}","{""addEventListener"": 39}",{}
oeanmebfgjdgmelhfphfcfodfinfiaho_1.0.5.zip,"[""tabs""]",[],X,{},{},{},"{""chrome.tabs.query"": 1}",{},{},{},{},{},{},{},{},"{""document.cookie"": 2, ""new Blob"": 1}","{""fetch"": 6, ""new XMLHttpRequest"": 1}","{""document.createElement"": 11, ""setTimeout"": 9, ""document.getElementById"": 1}","{""addEventListener"": 11}",{}
akjgeilpciajekhdkkomclnkmbapmfld_3.3.0.1000.zip,"[""identity"", ""<all_urls>"", ""favicon"", ""*://*/*"", ""bookmarks"", ""identity.email"", ""storage"", ""tabs"", ""desktopCapture""]","[""favicon""]",X,{},{},"{""chrome.storage.local.get"": 114, ""chrome.storage.local.set"": 91, ""chrome.storage.sync.set"": 20, ""chrome.storage.sync.get"": 12, ""localStorage.setItem"": 4, ""indexedDB.open"": 1}","{""chrome.tabs.remove"": 3, ""chrome.tabs.onUpdated.addListener"": 1, ""chrome.tabs.query"": 1, ""chrome.tabs.captureVisibleTab"": 1}",{},"{""chrome.identity.getAuthToken"": 5, ""chrome.identity.getProfileUserInfo"": 5}",{},"{""chrome.bookmarks.get"": 4}",{},{},{},{},"{""document.querySelector"": 16, ""localStorage.getItem"": 11, ""new Blob"": 8, ""file.name"": 4, ""store.put"": 2}","{""fetch"": 76, ""new XMLHttpRequest"": 2, ""navigator.sendBeacon"": 2, ""new RTCPeerConnection"": 1}","{""setTimeout"": 163, ""document.getElementById"": 108, ""document.createElement"": 47, ""chrome.windows.create"": 29, ""window.open"": 17, ""setInterval"": 15, ""new MutationObserver"": 4, ""canvas.getContext"": 2}","{""addEventListener"": 147}",{}
dpfmcablghlljmibdidppeggbhhnhlfh_2.0.0.5.zip,"[""declarativeContent"", ""tabs"", ""<all_urls>"", ""activeTab""]","[""activeTab"", ""tabs""]",X,{},{},"{""localStorage.setItem"": 7}",{},{},{},{},{},{},{},{},{},"{""localStorage.getItem"": 9}","{""new XMLHttpRequest"": 1}","{""setTimeout"": 5, ""chrome.declarativeContent.onPageChanged"": 2, ""document.getElementById"": 2, ""window.open"": 1, ""setInterval"": 1}","{""addEventListener"": 7}",{}
oigaibkppeamhdagigbnleokjolbdmfa_0.2.7.zip,"[""http://localhost:3000/*"", ""https://*.chatgpt.com/*"", ""activeTab"", ""storage"", ""clipboardRead""]","[""activeTab""]",X,"{""navigator.clipboard.readText"": 1, ""navigator.clipboard.writeText"": 1}",{},"{""chrome.storage.sync.get"": 8, ""chrome.storage.sync.set"": 5, ""localStorage.setItem"": 1}",{},{},{},{},{},{},{},{},{},"{""document.querySelector"": 24, ""file.name"": 2, ""new Blob"": 2, ""localStorage.getItem"": 1}","{""fetch"": 26}","{""document.createElement"": 68, ""document.getElementById"": 44, ""setTimeout"": 25, ""canvas.getContext"": 5, ""new MutationObserver"": 3, ""element.innerHTML"": 2, ""setInterval"": 1}","{""addEventListener"": 87}",{}
eckknmnfoohbeklmjlidmfdlakndcfkm_2.1.0.zip,"[""tabs"", ""storage""]",[],X,{},{},"{""chrome.storage.local.get"": 1, ""chrome.storage.local.set"": 1}","{""chrome.tabs.onUpdated.addListener"": 2, ""chrome.tabs.query"": 2}",{},{},{},{},{},{},{},{},{},"{""fetch"": 6}","{""element.style"": 3, ""document.getElementById"": 2, ""new MutationObserver"": 1, ""setTimeout"": 1}","{""addEventListener"": 7}",{}
gdbhjhheenfddpijobeagmogehcpakma_1.0.0.zip,"[""identity"", ""tabs"", ""*://*.supabase.co/*"", ""downloads"", ""*://*.tiktok.com/*"", ""storage""]",[],X,"{""navigator.clipboard.readText"": 3, ""navigator.clipboard.writeText"": 3}","{""chrome.downloads.download"": 3, ""chrome.downloads.search"": 2}","{""localStorage.setItem"": 11, ""chrome.storage.sync.get"": 3, ""chrome.storage.local.get"": 3, ""chrome.storage.local.set"": 2, ""chrome.storage.sync.set"": 2}","{""chrome.tabs.query"": 6}",{},"{""chrome.identity.launchWebAuthFlow"": 1}",{},{},{},{},{},{},"{""new Blob"": 34, ""document.querySelector"": 27, ""localStorage.getItem"": 11, ""file.name"": 2}","{""fetch"": 574, ""new XMLHttpRequest"": 13, ""new WebSocket"": 2}","{""setTimeout"": 186, ""document.createElement"": 63, ""document.getElementById"": 58, ""setInterval"": 18, ""new MutationObserver"": 12, ""window.open"": 2}","{""addEventListener"": 196}",{}
cblhanehfpljakpeihpepdehkchpafig_1.1.4.zip,"[""https://*.syncreads.com/*"", ""tabs"", ""cookies"", ""offscreen"", ""pageCapture""]",[],X,{},{},"{""localStorage.setItem"": 2}","{""chrome.tabs.query"": 1}",{},{},{},{},{},{},{},{},"{""document.querySelector"": 5, ""localStorage.getItem"": 2}","{""fetch"": 287}","{""setTimeout"": 28, ""document.createElement"": 9, ""setInterval"": 5, ""new MutationObserver"": 1}","{""addEventListener"": 53}",{}
famgnfdcgclbjpmjdkodhbbeokinjefb_3.4.0.1.zip,"[""nativeMessaging"", ""http://*.perfectsign.com.cn/*"", ""https://*.perfectsign.com.cn/*""]",[],X,{},{},{},{},{},{},{},{},{},{},{},{},{},{},{},{},{}
hcegghofkifepkbnjonhfnfaigjnieme_1.5.0.zip,"[""identity"", ""tabs"", ""https://www.googleapis.com/*"", ""https://android.googleapis.com/gcm/send"", ""https://accounts.google.com/*"", ""storage""]",[],X,{},{},"{""chrome.storage.local.set"": 4, ""chrome.storage.local.get"": 3}","{""chrome.tabs.get"": 1}",{},"{""chrome.identity.getAuthToken"": 3}",{},{},{},{},{},{},{},"{""fetch"": 6, ""new XMLHttpRequest"": 5}","{""setTimeout"": 4, ""document.createElement"": 1, ""setInterval"": 1}","{""addEventListener"": 8}",{}
pkgnakbhlladihkaedolkimbjmnefkcg_1.6.0.zip,"[""tabs"", ""downloads"", ""notifications"", ""https://www.effess.in/api/*"", ""storage""]",[],X,{},"{""chrome.downloads.download"": 1}","{""chrome.storage.local.get"": 47, ""chrome.storage.local.set"": 37}","{""chrome.tabs.create"": 1, ""chrome.tabs.query"": 1, ""chrome.tabs.update"": 1, ""chrome.tabs.get"": 1, ""chrome.tabs.onUpdated.addListener"": 1}",{},{},{},{},{},{},"{""chrome.notifications.create"": 1}",{},"{""document.querySelector"": 28}","{""fetch"": 13}","{""setTimeout"": 59, ""element.style"": 37, ""document.createElement"": 19, ""setInterval"": 9, ""chrome.windows.create"": 3, ""document.getElementById"": 3}","{""addEventListener"": 66}",{}
cficgppodccgdnngonogbgnnibecabgo_1.0.zip,"[""management"", ""tabs"", ""bookmarks""]",[],X,{},{},{},"{""chrome.tabs.get"": 2}",{},{},{},"{""chrome.bookmarks.get"": 3}",{},{},{},{},{},"{""fetch"": 3}","{""setTimeout"": 18, ""document.createElement"": 16, ""setInterval"": 4, ""element.style"": 1, ""document.getElementById"": 1}","{""addEventListener"": 9}",{}
ojiighldhdmahfdnhfdebnpmlbiemdfm_9.13.0.29.zip,"[""tabs"", ""webNavigation"", ""activeTab"", ""scripting"", ""storage""]","[""activeTab"", ""scripting"", ""storage"", ""tabs"", ""webNavigation""]",X,{},{},"{""localStorage.setItem"": 1}",{},{},{},{},{},{},{},{},{},"{""document.querySelector"": 30, ""localStorage.getItem"": 2}","{""fetch"": 3}","{""setTimeout"": 53, ""document.createElement"": 20, ""document.getElementById"": 9, ""setInterval"": 5, ""canvas.getContext"": 2, ""window.open"": 1}","{""addEventListener"": 44}",{}
lnpjjeoabgjlmogohnopljcjoignaofa_0.2.2.zip,"[""tabs"", ""activeTab"", ""https://*/*"", ""storage""]","[""activeTab"", ""storage""]",X,{},{},"{""localStorage.setItem"": 3}",{},{},{},{},{},{},{},{},{},"{""localStorage.getItem"": 3}","{""fetch"": 134, ""new WebSocket"": 1}","{""setTimeout"": 19, ""document.createElement"": 9, ""setInterval"": 3, ""document.getElementById"": 1, ""new MutationObserver"": 1, ""window.open"": 1}","{""addEventListener"": 31}",{}
ndnbpbolkacjjcjhmgfoleilolocmnhg_1.1.0.zip,"[""tabs"", ""cookies"", ""notifications"", ""alarms"", ""storage""]",[],X,{},{},"{""indexedDB.open"": 4, ""chrome.storage.local.get"": 1, ""chrome.storage.local.set"": 1, ""localStorage.setItem"": 1}","{""chrome.tabs.create"": 4, ""chrome.tabs.query"": 1}",{},{},{},{},{},"{""chrome.alarms.create"": 2, ""chrome.alarms.onAlarm.addListener"": 1}","{""chrome.notifications.create"": 1}",{},"{""document.cookie"": 7, ""document.querySelector"": 1, ""localStorage.getItem"": 1}","{""fetch"": 39}","{""setTimeout"": 28, ""document.createElement"": 13, ""window.open"": 4, ""setInterval"": 2}","{""addEventListener"": 27}",{}
pnaedlhkmadjdgjkenjmaepfaiiioocc_1.3.13.zip,"[""identity"", ""tabs"", ""https://mail.google.com/*"", ""storage"", ""scripting"", ""identity.email""]",[],O,{},{},"{""localStorage.setItem"": 9, ""chrome.storage.local.set"": 2, ""chrome.storage.sync.get"": 2, ""chrome.storage.sync.set"": 2, ""chrome.storage.local.get"": 1}","{""chrome.tabs.create"": 1, ""chrome.tabs.query"": 1, ""chrome.tabs.remove"": 1, ""chrome.tabs.onUpdated.addListener"": 1}","{""chrome.scripting.executeScript"": 1}","{""chrome.identity.getProfileUserInfo"": 1}",{},{},{},{},{},{},"{""document.querySelector"": 87, ""localStorage.getItem"": 7, ""new Blob"": 4}","{""fetch"": 44, ""new XMLHttpRequest"": 12}","{""document.createElement"": 181, ""setTimeout"": 97, ""element.style"": 22, ""setInterval"": 11, ""new MutationObserver"": 10, ""window.open"": 9, ""element.innerHTML"": 7, ""document.getElementById"": 4}","{""addEventListener"": 130}",{}
nmheifgpcdedeemfkbccjikeecgfhaoh_1.1.zip,"[""tabs"", ""history"", ""activeTab"", ""bookmarks"", ""storage""]","[""activeTab""]",X,{},{},"{""chrome.storage.local.get"": 4, ""chrome.storage.local.set"": 4}","{""chrome.tabs.update"": 2, ""chrome.tabs.create"": 1, ""chrome.tabs.onUpdated.addListener"": 1, ""chrome.tabs.query"": 1}",{},{},{},"{""chrome.bookmarks.get"": 1}","{""chrome.history.search"": 1}",{},{},{},"{""document.querySelector"": 13}","{""fetch"": 1}","{""document.getElementById"": 10, ""setTimeout"": 2, ""document.createElement"": 1}","{""addEventListener"": 6}",{}
jkfkgfpnplkbmjdppcgijopbjegndfhc_1.2.3.zip,"[""tabs"", ""storage"", ""activeTab""]","[""activeTab""]",X,{},{},"{""chrome.storage.local.set"": 8, ""chrome.storage.local.get"": 5}","{""chrome.tabs.query"": 9, ""chrome.tabs.update"": 2, ""chrome.tabs.create"": 2}",{},{},{},{},{},{},{},{},"{""document.querySelector"": 10, ""new Blob"": 2, ""document.cookie"": 2}","{""fetch"": 10, ""new XMLHttpRequest"": 1}","{""document.createElement"": 16, ""setTimeout"": 15, ""setInterval"": 5, ""window.open"": 5, ""new MutationObserver"": 3, ""document.getElementById"": 1}","{""addEventListener"": 10, ""window.onbeforeunload"": 7, ""window.confirm"": 1}",{}
eggaiijmdfebpjlldggopkgbkbmlgolc_1.4.1.zip,"[""http://*/*"", ""tabs"", ""https://*/*"", ""webNavigation"", ""contextMenus""]",[],X,{},{},"{""localStorage.setItem"": 1}","{""chrome.tabs.query"": 4, ""chrome.tabs.get"": 3, ""chrome.tabs.update"": 2, ""chrome.tabs.create"": 1, ""chrome.tabs.remove"": 1, ""chrome.tabs.onActivated.addListener"": 1}",{},{},{},{},{},{},"{""chrome.notifications.create"": 1, ""chrome.notifications.onClicked.addListener"": 1}","{""chrome.contextMenus.create"": 1}","{""localStorage.getItem"": 1}","{""fetch"": 7, ""new XMLHttpRequest"": 4}","{""setTimeout"": 15, ""setInterval"": 4, ""document.getElementById"": 3, ""document.createElement"": 2, ""canvas.getContext"": 1, ""chrome.windows.create"": 1}","{""addEventListener"": 39}",{}
kdchfpnbblcmofemnhnckhjfjndcibej_1.0.1.zip,"[""<all_urls>"", ""downloads"", ""contentSettings"", ""tabCapture"", ""scripting"", ""alarms"", ""storage""]",[],X,{},"{""chrome.downloads.download"": 1}","{""chrome.storage.local.set"": 5, ""chrome.storage.local.get"": 3}","{""chrome.tabs.get"": 3, ""chrome.tabs.query"": 1}","{""chrome.scripting.executeScript"": 1}",{},{},{},{},"{""chrome.alarms.create"": 1, ""chrome.alarms.onAlarm.addListener"": 1}",{},{},"{""new Blob"": 3, ""document.querySelector"": 2}","{""fetch"": 14}","{""setTimeout"": 29, ""document.createElement"": 14, ""setInterval"": 3, ""chrome.windows.create"": 1, ""document.getElementById"": 1}","{""addEventListener"": 24}",{}
lbenbpjiigbogcmofbmoojbkojdmojfl_4.8.3.zip,"[""https://*.amazon.it/*"", ""history"", ""https://*.disneyplus.com/*"", ""tabs"", ""https://*.yougov.com/*"", ""https://search-api-disney.svcs.dssott.com/*"", ""https://*.googletagmanager.com/*"", ""https://*.hotstar.com/*"", ""https://netflix.com/"", ""https://disney.content.edge.bamgrid.com/*"", ""https://*.amazon.ca/*"", ""https://*.primevideo.com/*"", ""scripting"", ""storage"", ""https://*.amazon.fr/*"", ""https://*.youtube.com/*"", ""https://*.amazon.de/*"", ""webRequest"", ""https://*.amazon.com.mx/*"", ""https://*.amazon.co.uk/*"", ""https://*.netflix.com/*"", ""https://*.google-analytics.com/*"", ""downloads"", ""downloads.ui"", ""https://*.amazon.com.au/*"", ""https://*.hbomax.com/*"", ""https://youtube.com/"", ""alarms"", ""declarativeNetRequest"", ""https://*.amazon.pl/*"", ""https://*.spotify.com/*"", ""https://*.max.com/*"", ""https://api.rollbar.com/*"", ""https://content.global.edge.bamgrid.com/*"", ""https://*.peacocktv.com/*"", ""https://*.amazon.com.br/*"", ""notifications"", ""https://*.amazon.com/*"", ""https://*.amazon.se/*"", ""https://*.apple.com/*"", ""https://*.amazon.in/*"", ""https://*.amazon.nl/*"", ""https://*.amazon.es/*""]",[],X,{},{},"{""sessionStorage.getItem"": 11, ""chrome.storage.local.get"": 9, ""chrome.storage.local.set"": 6, ""indexedDB.open"": 2, ""localStorage.setItem"": 1}","{""chrome.tabs.update"": 14, ""chrome.tabs.create"": 8, ""chrome.tabs.query"": 6, ""chrome.tabs.get"": 4, ""chrome.tabs.remove"": 4}","{""chrome.scripting.registerContentScripts"": 2}",{},"{""chrome.webRequest.onBeforeRequest"": 16, ""chrome.webRequest.onCompleted"": 10}",{},"{""chrome.history.search"": 2}","{""chrome.alarms.create"": 4, ""chrome.alarms.clear"": 4, ""chrome.alarms.onAlarm.addListener"": 4}","{""chrome.notifications.create"": 2, ""chrome.notifications.clear"": 2, ""chrome.notifications.onClicked.addListener"": 2}",{},"{""document.querySelector"": 50, ""sessionStorage.setItem"": 13, ""localStorage.getItem"": 6, ""document.cookie"": 4, ""new Blob"": 2}","{""fetch"": 184, ""new XMLHttpRequest"": 5}","{""setTimeout"": 81, ""setInterval"": 17, ""window.open"": 9, ""document.createElement"": 8, ""new MutationObserver"": 1}","{""addEventListener"": 101, ""chrome.permissions.request"": 1}",{}
hiagdmggfdceojcpbnjeelkcmmmbjdkp_3.0.zip,"[""tabs"", ""storage""]",[],X,{},{},"{""chrome.storage.local.get"": 6, ""chrome.storage.local.set"": 6}","{""chrome.tabs.create"": 1, ""chrome.tabs.query"": 1}",{},{},{},{},{},{},{},{},"{""document.querySelector"": 2}",{},"{""document.createElement"": 11, ""document.getElementById"": 11}","{""addEventListener"": 12}",{}
pdaociefbdibmlmebaflgmjilnljkcpn_1.5.zip,"[""tabs"", ""https://*/*"", ""storage"", ""http://*/*""]",[],X,{},{},"{""chrome.storage.sync.get"": 2, ""chrome.storage.sync.set"": 1}","{""chrome.tabs.get"": 1, ""chrome.tabs.onUpdated.addListener"": 1, ""chrome.tabs.onActivated.addListener"": 1, ""chrome.tabs.query"": 1, ""chrome.tabs.executeScript"": 1}",{},{},{},{},{},{},{},{},"{""document.querySelector"": 2}","{""new XMLHttpRequest"": 1}","{""document.getElementById"": 8, ""setTimeout"": 5, ""element.innerHTML"": 2, ""setInterval"": 1}","{""addEventListener"": 11}",{}
eggdbehenjijmhlbiedecgkehgeilemo_1.0.1.zip,"[""identity"", ""*://*.instagram.com/*"", ""cookies"", ""*://*.converts.cc/*"", ""unlimitedStorage"", ""storage""]",[],X,{},"{""chrome.downloads.download"": 4}","{""chrome.storage.local.get"": 22, ""chrome.storage.local.set"": 15, ""localStorage.setItem"": 5, ""indexedDB.open"": 1}","{""chrome.tabs.create"": 5}",{},"{""chrome.identity.getAuthToken"": 1, ""chrome.identity.launchWebAuthFlow"": 1}",{},{},{},{},{},{},"{""document.querySelector"": 28, ""document.cookie"": 21, ""new Blob"": 18, ""localStorage.getItem"": 5, ""file.name"": 2, ""file.size"": 2, ""file.type"": 1}","{""fetch"": 66, ""new XMLHttpRequest"": 17}","{""setTimeout"": 237, ""document.createElement"": 85, ""setInterval"": 19, ""document.getElementById"": 8, ""new MutationObserver"": 4}","{""addEventListener"": 264, ""window.onbeforeunload"": 3}",{}
lpgijibmbphcgmkpmnahidilcfklneje_0.9.zip,"[""debugger""]",[],X,{},{},{},{},{},{},{},{},{},{},{},{},{},{},{},{},{}
elnpfaoipdfdhikjacbpcfhpnehjjaii_17.1.1.zip,"[""identity"", ""proxy"", ""notifications"", ""alarms"", ""storage""]","[""alarms"", ""identity"", ""notifications"", ""proxy"", ""storage""]",X,{},{},{},{},{},{},{},{},{},{},{},{},"{""document.querySelector"": 8}","{""fetch"": 5}","{""setTimeout"": 9, ""document.createElement"": 8, ""setInterval"": 1}","{""addEventListener"": 7}",{}
aigllmlnbjkmoionidfjkbljebahaiib_1.0.3.zip,"[""tabs"", ""<all_urls>"", ""webRequest"", ""webNavigation"", ""storage""]",[],X,{},{},"{""chrome.storage.local.get"": 29, ""chrome.storage.local.set"": 18, ""localStorage.setItem"": 1}","{""chrome.tabs.query"": 2, ""chrome.tabs.onUpdated.addListener"": 1}",{},{},"{""chrome.webRequest.onCompleted"": 2}",{},{},{},{},{},"{""document.querySelector"": 36}","{""fetch"": 62, ""new XMLHttpRequest"": 2}","{""setTimeout"": 102, ""document.getElementById"": 62, ""document.createElement"": 31, ""setInterval"": 16, ""new MutationObserver"": 4, ""chrome.windows.create"": 1, ""element.innerHTML"": 1}","{""addEventListener"": 45}",{}
jceplpdpflofccjjkokfjgflahapgekl_1.0.9.zip,"[""idle"", ""http://*/*"", ""cookies"", ""https://*/*"", ""notifications"", ""alarms"", ""storage"", ""tabs""]","[""alarms"", ""cookies"", ""notifications"", ""tabs""]",X,{},{},{},{},{},{},{},{},{},{},{},{},"{""document.cookie"": 1}","{""fetch"": 3, ""new XMLHttpRequest"": 1}","{""setTimeout"": 9, ""document.getElementById"": 8, ""setInterval"": 3, ""document.createElement"": 2}","{""addEventListener"": 6}",{}
dbkckkjpjeoknaogfcemfchjijdpocfl_2.3.zip,"[""idle"", ""http://*/*"", ""https://*/*"", ""system.display"", ""scripting"", ""alarms"", ""storage"", ""tabs"", ""webNavigation"", ""activeTab""]","[""alarms"", ""idle"", ""system.display""]",X,{},{},"{""chrome.storage.local.get"": 3, ""chrome.storage.local.set"": 2}",{},"{""chrome.scripting.executeScript"": 4}",{},{},{},{},{},{},{},"{""document.querySelector"": 3}","{""fetch"": 4}","{""setTimeout"": 12, ""setInterval"": 1, ""document.getElementById"": 1, ""new MutationObserver"": 1}","{""addEventListener"": 3}",{}
pemkehkbedjlbifdfnbibigfmfompogo_2.0.1.zip,"[""https://*.vk.com/*"", ""tabs"", ""http://vk.com/*"", ""http://*.vk.com/*"", ""https://vk.com/*""]",[],X,{},{},{},"{""chrome.tabs.executeScript"": 1, ""chrome.tabs.onUpdated.addListener"": 1}",{},{},{},{},{},{},{},{},{},{},"{""document.getElementById"": 2, ""document.createElement"": 1, ""setTimeout"": 1}","{""addEventListener"": 1}",{}
hpbcepobmhifanbjpghbcmjpiffeckfh_1.0.4.zip,"[""*://*.myspacetab.com/*"", ""cookies"", ""storage""]",[],X,{},{},"{""chrome.storage.sync.get"": 1, ""chrome.storage.sync.set"": 1}","{""chrome.tabs.create"": 1}",{},{},{},{},{},{},{},{},{},"{""fetch"": 1}","{""document.getElementById"": 3}","{""addEventListener"": 2}",{}
gaplajbgemfaknneedanchfgaocdenhk_1.0.zip,"[""clipboardWrite""]","[""clipboardWrite""]",X,{},{},{},{},{},{},{},{},{},{},{},{},{},{},"{""document.getElementById"": 3, ""document.createElement"": 1}","{""addEventListener"": 3}",{}
nkgpolbebpommipioknficdaedjjpgmn_Beta 1.1.4.zip,"[""<all_urls>"", ""*://99.99.99.99/*"", ""scripting"", ""proxy"", ""declarativeNetRequest"", ""storage"", ""*://hoody.com/*"", ""tabs"", ""webRequest"", ""*://proxies.hoody.com/*""]","[""declarativeNetRequest"", ""proxy"", ""scripting"", ""storage"", ""tabs"", ""webRequest""]",X,{},{},{},{},{},{},{},{},{},{},{},{},"{""document.querySelector"": 105}","{""fetch"": 3}","{""document.getElementById"": 8, ""setTimeout"": 3, ""window.open"": 1, ""setInterval"": 1}","{""addEventListener"": 47}",{}
ocbmhhefncmjmcecjcpnihpglmfcpioc_3.3.5.zip,"[""tabs"", ""background"", ""http://*/*"", ""https://*/*"", ""browsingData"", ""scripting"", ""activeTab""]","[""background""]",X,{},"{""chrome.downloads.download"": 2}","{""localStorage.setItem"": 17, ""sessionStorage.getItem"": 3}","{""chrome.tabs.create"": 2, ""chrome.tabs.query"": 2, ""chrome.tabs.update"": 2}","{""chrome.scripting.executeScript"": 1}",{},{},{},{},{},{},{},"{""document.querySelector"": 59, ""localStorage.getItem"": 26, ""new Blob"": 8, ""sessionStorage.setItem"": 4, ""file.name"": 1}","{""fetch"": 20, ""navigator.sendBeacon"": 2}","{""setTimeout"": 66, ""document.getElementById"": 44, ""document.createElement"": 29, ""element.style"": 26, ""setInterval"": 8}","{""addEventListener"": 39}",{}
egmilngkgddnnmkpkonkpkjkipiihmkh_0.1.7.zip,"[""tabCapture"", ""tabs"", ""storage""]",[],X,{},{},"{""chrome.storage.local.get"": 1, ""chrome.storage.local.set"": 1}","{""chrome.tabs.query"": 2, ""chrome.tabs.create"": 1, ""chrome.tabs.update"": 1, ""chrome.tabs.get"": 1, ""chrome.tabs.remove"": 1}",{},{},{},{},{},{},{},{},"{""new Blob"": 1}","{""new XMLHttpRequest"": 6}","{""document.createElement"": 44, ""setTimeout"": 32, ""setInterval"": 3, ""document.getElementById"": 2, ""canvas.getContext"": 2}","{""addEventListener"": 78}",{}
oaejldhnfhcaldfpennnohdkogamemdk_1.0.1.zip,"[""tabs"", ""<all_urls>"", ""activeTab"", ""scripting"", ""declarativeNetRequest"", ""storage""]",[],X,{},{},"{""chrome.storage.local.get"": 1, ""chrome.storage.local.set"": 1, ""localStorage.setItem"": 1}","{""chrome.tabs.query"": 2, ""chrome.tabs.create"": 1, ""chrome.tabs.onUpdated.addListener"": 1}","{""chrome.scripting.executeScript"": 1}",{},{},{},{},{},{},{},"{""document.querySelector"": 2, ""localStorage.getItem"": 2}","{""fetch"": 6}","{""document.createElement"": 10, ""setTimeout"": 2, ""document.getElementById"": 1, ""new MutationObserver"": 1, ""window.open"": 1}","{""addEventListener"": 4}",{}
dkonkehmngnpbapnlmjffpjfohbnhmgc_1.0.0.15.zip,"[""tabs"", ""commands"", ""contextMenus"", ""<all_urls>"", ""unlimitedStorage"", ""alarms"", ""storage""]",[],X,{},{},"{""chrome.storage.local.get"": 3, ""chrome.storage.local.set"": 3, ""localStorage.setItem"": 2}","{""chrome.tabs.query"": 7, ""chrome.tabs.create"": 4, ""chrome.tabs.captureVisibleTab"": 4, ""chrome.tabs.update"": 1}",{},{},{},{},{},"{""chrome.alarms.create"": 1, ""chrome.alarms.get"": 1, ""chrome.alarms.onAlarm.addListener"": 1}",{},"{""chrome.contextMenus.create"": 2, ""chrome.contextMenus.onClicked.addListener"": 1}","{""document.querySelector"": 11, ""localStorage.getItem"": 2, ""new Blob"": 1}","{""fetch"": 11, ""new XMLHttpRequest"": 1}","{""document.createElement"": 56, ""setTimeout"": 22, ""document.getElementById"": 5, ""setInterval"": 2, ""new MutationObserver"": 1, ""window.open"": 1}","{""addEventListener"": 72}",{}
biajbiiinplkgfejipbagnfmbianbfkd_1.0.1.zip,"[""tabs"", ""tabCapture"", ""system.display"", ""*://*/*"", ""activeTab"", ""storage""]","[""activeTab""]",X,{},{},"{""chrome.storage.local.get"": 4, ""chrome.storage.local.set"": 3}","{""chrome.tabs.query"": 2, ""chrome.tabs.update"": 1, ""chrome.tabs.get"": 1, ""chrome.tabs.onUpdated.addListener"": 1}",{},{},{},{},{},{},{},{},"{""document.querySelector"": 11}",{},"{""setTimeout"": 19, ""document.getElementById"": 4, ""chrome.windows.create"": 2, ""document.createElement"": 2, ""setInterval"": 1}","{""addEventListener"": 21}",{}
hdacefdjjccgpfcindjjkjpfhgpoeimk_1.1.zip,"[""tabs"", ""storage""]",[],X,{},{},"{""chrome.storage.local.set"": 15, ""chrome.storage.local.get"": 14}","{""chrome.tabs.update"": 2, ""chrome.tabs.query"": 1, ""chrome.tabs.onUpdated.addListener"": 1, ""chrome.tabs.onActivated.addListener"": 1, ""chrome.tabs.create"": 1}",{},{},{},{},{},{},{},{},"{""document.querySelector"": 3}",{},"{""document.getElementById"": 12, ""document.createElement"": 6, ""setInterval"": 3, ""setTimeout"": 1}","{""addEventListener"": 8}",{}
lpgaihcipniakbpcmhcdkddodmpjlpnc_0.0.1.1.zip,"[""<all_urls>"", ""webRequest"", ""sidePanel""]",[],X,{},{},{},"{""chrome.tabs.onUpdated.addListener"": 1}",{},{},"{""chrome.webRequest.onBeforeRequest"": 2}",{},{},{},{},{},"{""document.querySelector"": 2, ""new Blob"": 1}","{""fetch"": 2, ""new WebSocket"": 2}","{""document.getElementById"": 16, ""document.createElement"": 14, ""setTimeout"": 2}","{""addEventListener"": 6}",{}
kmbofkenjncfapkighkijhmeelkgnldo_1.2.5.zip,"[""tabs"", ""https://*/*"", ""storage"", ""http://*/*""]",[],X,{},{},"{""chrome.storage.sync.get"": 6, ""chrome.storage.sync.set"": 1}","{""chrome.tabs.query"": 2, ""chrome.tabs.get"": 1, ""chrome.tabs.onUpdated.addListener"": 1, ""chrome.tabs.onActivated.addListener"": 1, ""chrome.tabs.executeScript"": 1}",{},{},{},{},{},{},{},{},"{""document.querySelector"": 2}",{},"{""setTimeout"": 17, ""new MutationObserver"": 2, ""setInterval"": 2, ""window.open"": 1}","{""addEventListener"": 7}",{}
faliaflmfjklonlipbaebdhfkomlfjmi_0.17.20.zip,"[""<all_urls>"", ""management"", ""notifications"", ""scripting"", ""contextMenus"", ""storage""]",[],X,{},{},"{""chrome.storage.local.get"": 46, ""chrome.storage.local.set"": 25, ""chrome.storage.sync.get"": 3, ""chrome.storage.sync.set"": 3}","{""chrome.tabs.query"": 13, ""chrome.tabs.create"": 4, ""chrome.tabs.get"": 2, ""chrome.tabs.remove"": 2, ""chrome.tabs.executeScript"": 1, ""chrome.tabs.onActivated.addListener"": 1}","{""chrome.scripting.executeScript"": 1}",{},{},{},{},{},"{""chrome.notifications.clear"": 6, ""chrome.notifications.create"": 4}","{""chrome.contextMenus.create"": 3, ""chrome.contextMenus.remove"": 3, ""chrome.contextMenus.update"": 2, ""chrome.contextMenus.onClicked.addListener"": 1}","{""new Blob"": 3}","{""fetch"": 4, ""new XMLHttpRequest"": 2}","{""setTimeout"": 51, ""document.createElement"": 16, ""setInterval"": 10, ""window.open"": 7, ""document.getElementById"": 2, ""new MutationObserver"": 1}","{""addEventListener"": 21}",{}
bdmiecmfhhmbmakpafaicedhfdlaeedl_1.0.2.zip,"[""tabs"", ""<all_urls>"", ""storage""]",[],X,{},{},"{""chrome.storage.sync.get"": 5, ""chrome.storage.sync.set"": 1}","{""chrome.tabs.query"": 3, ""chrome.tabs.onUpdated.addListener"": 1}",{},{},{},{},{},{},{},{},"{""document.querySelector"": 17}","{""fetch"": 1}","{""setTimeout"": 15, ""document.getElementById"": 13, ""document.createElement"": 9, ""window.open"": 2, ""new MutationObserver"": 2}","{""addEventListener"": 41}",{}
jmofbpiblkickckhhfbniclkodhiomjn_1.0.zip,"[""tabs"", ""storage""]",[],X,"{""navigator.clipboard.writeText"": 1}",{},"{""chrome.storage.sync.get"": 3, ""chrome.storage.sync.set"": 2}","{""chrome.tabs.query"": 3, ""chrome.tabs.create"": 1, ""chrome.tabs.onUpdated.addListener"": 1, ""chrome.tabs.onActivated.addListener"": 1}",{},{},{},{},{},{},{},{},"{""document.querySelector"": 1}","{""fetch"": 3}","{""document.getElementById"": 8, ""document.createElement"": 4, ""setTimeout"": 1}","{""addEventListener"": 7}",{}
cojjciklkiaagcmcihgkcohcfcpemfje_1.0.zip,"[""https://twitter.com/*"", ""clipboardWrite"", ""https://x.com/*"", ""scripting"", ""https://*.weibo.com/*"", ""https://*.zhihu.com/*"", ""https://*.typefully.com/*"", ""https://*.okjike.com/*"", ""activeTab""]",[],X,"{""document.execCommand('copy')"": 1}",{},{},"{""chrome.tabs.create"": 1, ""chrome.tabs.onUpdated.addListener"": 1}","{""chrome.scripting.executeScript"": 3}",{},{},{},{},{},{},{},"{""document.querySelector"": 19}","{""fetch"": 7, ""new XMLHttpRequest"": 3}","{""setTimeout"": 35, ""document.createElement"": 20, ""document.getElementById"": 13, ""setInterval"": 3, ""canvas.getContext"": 2, ""new MutationObserver"": 1}","{""addEventListener"": 7}",{}
alcgpfgkdjbabelklflpfkooadcfgoao_23.12.0.22.zip,"[""nativeMessaging"", ""<all_urls>"", ""cookies"", ""storage""]",[],X,{},{},"{""chrome.storage.local.get"": 1, ""chrome.storage.local.set"": 1, ""localStorage.setItem"": 1}","{""chrome.tabs.create"": 1}",{},{},{},{},{},{},{},{},"{""localStorage.getItem"": 1}","{""fetch"": 1, ""new XMLHttpRequest"": 1}","{""document.createElement"": 1, ""setInterval"": 1, ""setTimeout"": 1}","{""addEventListener"": 1}",{}
eelgjincfbelhajdbjenildfidchkgch_1.0.zip,"[""tabs"", ""https://hd.kinopoisk.ru/""]",[],X,{},{},{},"{""chrome.tabs.executeScript"": 1, ""chrome.tabs.onUpdated.addListener"": 1}",{},{},{},{},{},{},{},{},"{""document.querySelector"": 1}",{},"{""setInterval"": 1}",{},{}
oponnjpnbhdmohlkonljdfhbeibljfoa_1.1.21.zip,"[""http://*.yh.io/*"", ""https://*.yellowheart.io/*"", ""notifications"", ""https://*.test-yh.io/*"", ""https://*.yh.io/*"", ""tabs"", ""http://*.yellowheart.io/*"", ""http://*.test-yh.io/*""]","[""notifications"", ""tabs""]",X,"{""navigator.clipboard.writeText"": 4}",{},"{""localStorage.setItem"": 75, ""indexedDB.open"": 8}",{},{},{},{},{},{},{},{},{},"{""localStorage.getItem"": 379, ""document.querySelector"": 13, ""document.cookie"": 10, ""new Blob"": 6}","{""fetch"": 395, ""new XMLHttpRequest"": 14, ""navigator.sendBeacon"": 4, ""new WebSocket"": 1}","{""setTimeout"": 475, ""document.createElement"": 87, ""setInterval"": 40, ""new MutationObserver"": 19, ""document.getElementById"": 16}","{""addEventListener"": 227, ""window.confirm"": 7, ""window.alert"": 4, ""window.prompt"": 4}",{}
cjbjooklbedommhdidncehmbalddjehe_1.1.0.zip,"[""clipboardWrite"", ""<all_urls>"", ""unlimitedStorage"", ""notifications"", ""storage"", ""tabs"", ""webRequestBlocking"", ""webRequest""]","[""clipboardWrite"", ""notifications"", ""tabs"", ""unlimitedStorage""]",X,{},{},"{""chrome.storage.sync.get"": 2, ""chrome.storage.sync.set"": 1}",{},{},{},"{""chrome.webRequest.onBeforeRequest"": 1}",{},{},{},{},{},{},{},"{""setTimeout"": 7, ""setInterval"": 1}","{""addEventListener"": 10}",{}
ggomkpgfookijliefcelafogocjlpann_1.3.2.zip,"[""*://*.music.yandex.ua/*"", ""*://*.music.yandex.by/*"", ""*://storage.mds.yandex.net/*"", ""downloads"", ""*://*.storage.yandex.net/*"", ""*://*.music.yandex.ru/*"", ""*://*.music.yandex.kz/*"", ""storage"", ""*://*.music.yandex.uz/*"", ""*://*.music.yandex.com/*"", ""offscreen"", ""activeTab"", ""*://avatars.yandex.net/*""]","[""activeTab""]",X,"{""navigator.clipboard.writeText"": 1}","{""chrome.downloads.download"": 1}","{""chrome.storage.sync.get"": 3, ""chrome.storage.sync.set"": 3}","{""chrome.tabs.query"": 4, ""chrome.tabs.create"": 2, ""chrome.tabs.get"": 2, ""chrome.tabs.onActivated.addListener"": 2, ""chrome.tabs.update"": 1}",{},{},{},{},{},{},{},{},"{""document.querySelector"": 37, ""new Blob"": 2, ""document.cookie"": 1}","{""fetch"": 25}","{""document.createElement"": 38, ""setTimeout"": 20, ""document.getElementById"": 18, ""window.open"": 9, ""new MutationObserver"": 4}","{""addEventListener"": 29}",{}
jkpbmimolehkdndejafglfkkecegoocd_1.0.zip,"[""tabs"", ""storage""]",[],X,{},{},"{""chrome.storage.local.set"": 2, ""chrome.storage.local.get"": 1}","{""chrome.tabs.query"": 3, ""chrome.tabs.get"": 1, ""chrome.tabs.onUpdated.addListener"": 1, ""chrome.tabs.onActivated.addListener"": 1}",{},{},{},{},{},{},{},{},{},{},"{""document.getElementById"": 7, ""document.createElement"": 1}","{""addEventListener"": 3}",{}
cmimekokohcpcilgeelcenpcaihinkoa_1.0.2.zip,"[""tabs""]",[],X,{},{},{},"{""chrome.tabs.onUpdated.addListener"": 1}",{},{},{},{},{},{},{},{},{},{},{},{},{}
accllpimnoffllpeblphooameaofhnah_0.1.16.zip,"[""tabs"", ""cookies"", ""<all_urls>"", ""webRequest"", ""webNavigation"", ""storage""]","[""cookies"", ""storage"", ""webNavigation"", ""webRequest""]",X,{},{},"{""sessionStorage.getItem"": 4}","{""chrome.tabs.query"": 1}",{},{},{},{},{},{},{},{},"{""document.querySelector"": 12, ""sessionStorage.setItem"": 2, ""document.cookie"": 2}","{""fetch"": 55}","{""setTimeout"": 95, ""document.createElement"": 22, ""setInterval"": 22, ""new MutationObserver"": 15, ""document.getElementById"": 2, ""window.open"": 2}","{""addEventListener"": 76, ""window.alert"": 3, ""window.confirm"": 3}",{}
jlgkpaicikihijadgifklkbpdajbkhjo_6.1.5.zip,"[""clipboardWrite"", ""<all_urls>"", ""sessions"", ""unlimitedStorage"", ""*://*/*"", ""bookmarks"", ""scripting"", ""storage"", ""tabs"", ""webRequest"", ""webNavigation"", ""contextMenus"", ""clipboardRead""]","[""clipboardRead"", ""clipboardWrite"", ""webNavigation"", ""webRequest""]",X,{},"{""chrome.downloads.download"": 1}","{""chrome.storage.sync.get"": 15, ""chrome.storage.sync.set"": 8, ""localStorage.setItem"": 5, ""chrome.storage.local.get"": 1, ""chrome.storage.local.set"": 1}","{""chrome.tabs.query"": 25, ""chrome.tabs.create"": 19, ""chrome.tabs.update"": 18, ""chrome.tabs.executeScript"": 8, ""chrome.tabs.remove"": 6, ""chrome.tabs.get"": 3, ""chrome.tabs.onUpdated.addListener"": 2, ""chrome.tabs.onActivated.addListener"": 1, ""chrome.tabs.captureVisibleTab"": 1}","{""chrome.scripting.executeScript"": 1, ""chrome.scripting.insertCSS"": 1}",{},{},"{""chrome.bookmarks.create"": 4, ""chrome.bookmarks.get"": 1}",{},{},{},"{""chrome.contextMenus.onClicked.addListener"": 1}","{""document.querySelector"": 14, ""localStorage.getItem"": 3, ""new Blob"": 2}","{""fetch"": 11}","{""document.createElement"": 80, ""document.getElementById"": 70, ""setTimeout"": 63, ""chrome.windows.create"": 6, ""setInterval"": 3, ""window.open"": 1}","{""addEventListener"": 91, ""window.confirm"": 1, ""chrome.permissions.request"": 1}",{}
ldimegdndcfidagpaoochlahokpklnna_0.0.0.5.zip,"[""tabs"", ""https://www.interview-db.com/staff/materials/*""]",[],X,{},{},{},"{""chrome.tabs.create"": 1, ""chrome.tabs.executeScript"": 1, ""chrome.tabs.onUpdated.addListener"": 1}",{},{},{},{},{},{},{},{},"{""document.querySelector"": 2}",{},{},{},{}
jppjhapkichoejeceiadkbpjffbblppg_1.0.zip,"[""tabs"", ""scripting"", ""storage"", ""https://*.x.com/*""]",[],X,{},{},"{""chrome.storage.sync.get"": 3, ""chrome.storage.sync.set"": 1}","{""chrome.tabs.query"": 1, ""chrome.tabs.onUpdated.addListener"": 1}","{""chrome.scripting.insertCSS"": 2, ""chrome.scripting.removeCSS"": 1}",{},{},{},{},{},{},{},{},{},"{""document.getElementById"": 1}","{""addEventListener"": 1}",{}
iajpenjgdicpeeoemaeeeefolahoblgg_3.2.zip,"[""tabs""]",[],X,{},{},{},"{""chrome.tabs.onUpdated.addListener"": 1}",{},{},{},{},{},{},{},{},{},{},"{""setTimeout"": 7, ""setInterval"": 1}","{""addEventListener"": 7}",{}
ppidlhfhfjafihcnbahjonnoijhiembh_1.1.0.zip,"[""tabs"", ""storage""]",[],X,{},{},"{""chrome.storage.local.get"": 2, ""chrome.storage.local.set"": 1}","{""chrome.tabs.query"": 1}",{},{},{},{},{},{},{},{},{},{},"{""document.getElementById"": 2, ""setTimeout"": 1}","{""addEventListener"": 2}",{}
jnhbbkmdjdehejoajlcjhcdlofkchcbj_1.0.4.zip,"[""tabs"", ""<all_urls>"", ""webRequestBlocking"", ""webRequest"", ""alarms"", ""storage""]",[],X,{},{},"{""chrome.storage.sync.get"": 1, ""chrome.storage.sync.set"": 1}","{""chrome.tabs.onUpdated.addListener"": 1, ""chrome.tabs.query"": 1}",{},{},"{""chrome.webRequest.onBeforeRequest"": 1}",{},{},"{""chrome.alarms.create"": 1, ""chrome.alarms.onAlarm.addListener"": 1}",{},{},"{""document.querySelector"": 6}","{""fetch"": 6}","{""document.getElementById"": 2}","{""addEventListener"": 2}",{}
epaaodcghkihihignoagkngagbnenlem_1.1.0.zip,"[""background"", ""tabs"", ""storage""]","[""background""]",X,{},{},"{""chrome.storage.sync.get"": 2}","{""chrome.tabs.query"": 2, ""chrome.tabs.get"": 1, ""chrome.tabs.onActivated.addListener"": 1}",{},{},{},{},{},{},{},{},"{""document.querySelector"": 4}",{},"{""document.getElementById"": 4, ""document.createElement"": 1, ""setInterval"": 1}","{""addEventListener"": 5}",{}
gcdgnmpmbngdkpbgimbmhdpeneghbnoo_1.3.zip,"[""activeTab"", ""downloads"", ""declarativeContent""]","[""activeTab""]",X,{},"{""chrome.downloads.download"": 1}",{},"{""chrome.tabs.query"": 1, ""chrome.tabs.executeScript"": 1}",{},{},{},{},{},{},{},{},{},{},"{""chrome.declarativeContent.onPageChanged"": 2, ""document.getElementById"": 2}",{},{}
nbaipoakdbkpkcfdobmhlchcijhcmmoe_1.0.0.zip,"[""clipboardWrite"", ""contextMenus"", ""storage""]",[],X,"{""document.execCommand('copy')"": 1}",{},"{""chrome.storage.sync.get"": 2, ""chrome.storage.sync.set"": 2}",{},{},{},{},{},{},{},{},"{""chrome.contextMenus.create"": 2, ""chrome.contextMenus.remove"": 1, ""chrome.contextMenus.onClicked.addListener"": 1}","{""document.querySelector"": 3}",{},"{""setTimeout"": 6, ""document.createElement"": 2}","{""addEventListener"": 2}",{}
cbegkpikakpajcaoblfkeindhhikpfmd_0.4.zip,"[""*://*/*"", ""tabs"", ""notifications"", ""activeTab"", ""contextMenus"", ""storage""]","[""activeTab""]",X,{},{},"{""chrome.storage.sync.get"": 5, ""chrome.storage.sync.set"": 1}","{""chrome.tabs.query"": 1}",{},{},{},{},{},{},"{""chrome.notifications.create"": 1}","{""chrome.contextMenus.create"": 3, ""chrome.contextMenus.onClicked.addListener"": 3, ""chrome.contextMenus.remove"": 1}","{""document.querySelector"": 6}","{""fetch"": 5}","{""setTimeout"": 13, ""document.getElementById"": 9}","{""addEventListener"": 5}",{}
dnailfniiknibefdjdaoinfpjpjknggi_1.1.1.zip,"[""clipboardWrite"", ""tabs"", ""activeTab"", ""scripting"", ""storage"", ""clipboardRead""]","[""activeTab"", ""scripting"", ""storage"", ""tabs""]",X,"{""navigator.clipboard.readText"": 1, ""navigator.clipboard.writeText"": 1}",{},{},{},{},{},{},{},{},{},{},{},"{""document.querySelector"": 5}","{""fetch"": 3}","{""setTimeout"": 21, ""document.createElement"": 4, ""setInterval"": 3, ""new MutationObserver"": 2}","{""addEventListener"": 21}",{}
cljbakfkckcdgjfnpopgmhmnkaijaogd_3.0.4.zip,"[""https://*/*"", ""tabs"", ""bookmarks"", ""http://*/*""]",[],X,{},{},{},"{""chrome.tabs.create"": 1, ""chrome.tabs.get"": 1, ""chrome.tabs.remove"": 1, ""chrome.tabs.executeScript"": 1}",{},{},{},"{""chrome.bookmarks.create"": 2, ""chrome.bookmarks.get"": 1}",{},{},{},{},{},{},"{""document.createElement"": 4, ""setTimeout"": 3, ""chrome.windows.create"": 1, ""setInterval"": 1}","{""addEventListener"": 9}",{}
odgheimmfdhcpbajpmlgbajpgcfnimgj_1.3.zip,"[""tabs"", ""declarativeContent""]",[],X,{},{},{},"{""chrome.tabs.query"": 1, ""chrome.tabs.update"": 1}",{},{},{},{},{},{},{},{},{},{},"{""chrome.declarativeContent.onPageChanged"": 2}",{},{}
mfhmcnemllapebbjmgjidncbimcnhkie_1.0.zip,"[""https://storage.courtlistener.com/*"", ""downloads""]","[""downloads""]",X,{},{},{},{},{},{},{},{},{},{},{},{},"{""new Blob"": 5, ""document.querySelector"": 2, ""file.name"": 1}","{""fetch"": 1}","{""document.createElement"": 5, ""setTimeout"": 4}","{""addEventListener"": 3}",{}
ldlimjohgodlchaagdhiljpccoohejbk_3.2.0.6.zip,"[""http://10.19.1.250/*"", ""http://11.12.2.128/*"", ""http://11.12.2.127/*"", ""http://11.12.3.113/*"", ""https://10.10.20.37/*"", ""http://11.12.3.25/*"", ""http://11.12.3.126/*"", ""http://11.12.7.53/*"", ""nativeMessaging"", ""http://10.10.20.37/*"", ""http://10.19.1.225/*"", ""http://10.10.10.32/*"", ""https://11.12.2.17/*"", ""http://11.11.10.93/*"", ""http://172.30.132.71/*"", ""http://11.12.50.18/*"", ""http://172.31.132.71/*"", ""https://10.10.10.32/*"", ""http://11.12.3.61/*"", ""https://11.12.3.25/*"", ""http://11.12.4.60/*"", ""https://11.12.5.27/*"", ""http://11.12.2.17/*"", ""https://10.19.1.249/*"", ""https://10.19.1.250/*"", ""http://11.12.5.27/*"", ""http://11.12.2.158/*"", ""http://11.12.4.31/*"", ""http://11.12.2.44/*"", ""https://10.19.1.251/*"", ""http://11.12.4.53/*"", ""http://10.19.1.249/*"", ""http://11.12.3.100/*"", ""http://11.12.3.62/*"", ""https://10.19.1.252/*"", ""http://11.12.3.101/*"", ""http://10.19.1.251/*"", ""https://*.chinatrc.com.cn/*"", ""http://*.chinatrc.com.cn/*"", ""https://11.12.2.44/*"", ""http://10.19.1.226/*"", ""http://10.19.1.252/*""]",[],X,{},{},{},{},{},{},{},{},{},{},{},{},{},{},{},{},{}
feldjmkkfokjainkaddkjmageenifppc_1.0.zip,"[""https://cloud.google.com/*"", ""webRequestBlocking"", ""webRequest""]",[],X,{},{},{},{},{},{},"{""chrome.webRequest.onBeforeRequest"": 1}",{},{},{},{},{},{},{},{},{},{}
mekdnhknkdfiifogdijpnlakjhlodcek_5.1.0.zip,"[""unlimitedStorage"", ""https://icons.duckduckgo.com/*"", ""bookmarks"", ""storage""]",[],X,{},{},"{""chrome.storage.local.set"": 3, ""chrome.storage.local.get"": 2}","{""chrome.tabs.create"": 1}",{},{},{},"{""chrome.bookmarks.get"": 8, ""chrome.bookmarks.remove"": 4, ""chrome.bookmarks.update"": 2, ""chrome.bookmarks.create"": 1}",{},{},{},{},"{""document.querySelector"": 4, ""new Blob"": 1}","{""fetch"": 1}","{""document.createElement"": 11, ""setTimeout"": 4, ""document.getElementById"": 1}","{""addEventListener"": 1, ""chrome.permissions.request"": 1}",{}
joajiaajniflcecibehibjifcfeglbeo_2.0.0.zip,"[""https://*.amazon.co.uk/*"", ""https://tacticalarbitrage.threecolts.com/*"", ""cookies"", ""https://tacticalarbitrage.com/*"", ""https://*.amazon.com.au/*"", ""https://*.amazon.ca/*"", ""scripting"", ""https://*.amazon.com/*"", ""https://api.tacticalarbitrage.com/*"", ""tabs"", ""https://*.amazon.de/*"", ""activeTab""]","[""cookies""]",X,{},{},{},"{""chrome.tabs.query"": 5}","{""chrome.scripting.executeScript"": 4}",{},{},{},{},{},{},{},{},"{""new XMLHttpRequest"": 1}","{""setTimeout"": 10, ""setInterval"": 4, ""document.createElement"": 2, ""document.getElementById"": 1}","{""addEventListener"": 7, ""chrome.permissions.request"": 1}",{}
cjgkiokoamefcjjpbhcldneamjoolobp_1.5.2.32.zip,"[""tabs"", ""webRequestBlocking"", ""webRequest"", ""https://web.whatsapp.com/*"", ""*://*.asksuite.com/*"", ""notifications"", ""alarms""]",[],X,{},{},{},"{""chrome.tabs.query"": 2, ""chrome.tabs.create"": 1}",{},{},"{""chrome.webRequest.onHeadersReceived"": 1}",{},{},"{""chrome.alarms.create"": 2, ""chrome.alarms.onAlarm.addListener"": 1}","{""chrome.notifications.create"": 1, ""chrome.notifications.clear"": 1, ""chrome.notifications.onClicked.addListener"": 1}",{},"{""document.querySelector"": 3, ""new Blob"": 1}","{""new XMLHttpRequest"": 4, ""fetch"": 1, ""new WebSocket"": 1}","{""setTimeout"": 7, ""setInterval"": 7, ""document.createElement"": 2, ""canvas.getContext"": 1}","{""addEventListener"": 5}",{}
hgdmohbmgiomicklkoajaoeokefefcdh_1.2.2.zip,"[""tabs"", ""<all_urls>"", ""webRequest""]",[],X,{},{},{},"{""chrome.tabs.query"": 2, ""chrome.tabs.create"": 1}",{},{},"{""chrome.webRequest.onCompleted"": 1}",{},{},{},{},{},"{""document.querySelector"": 1}","{""fetch"": 7}","{""element.innerHTML"": 3, ""document.createElement"": 2, ""element.style"": 2, ""setTimeout"": 1, ""document.getElementById"": 1}","{""addEventListener"": 5}",{}
ipmfmpkgnbbbaijjaebagomaiiamclfo_1.0.1.zip,"[""tabs"", ""http://*/*"", ""https://*/*"", ""webNavigation"", ""activeTab"", ""scripting"", ""storage""]",[],X,{},{},"{""chrome.storage.local.get"": 2}","{""chrome.tabs.query"": 4, ""chrome.tabs.create"": 3, ""chrome.tabs.update"": 3, ""chrome.tabs.remove"": 1, ""chrome.tabs.onUpdated.addListener"": 1, ""chrome.tabs.onActivated.addListener"": 1}","{""chrome.scripting.executeScript"": 12, ""chrome.scripting.registerContentScripts"": 1}",{},{},{},{},{},{},{},"{""document.querySelector"": 8}","{""new WebSocket"": 1}","{""setTimeout"": 15, ""setInterval"": 4, ""chrome.windows.create"": 3, ""document.createElement"": 1}","{""addEventListener"": 6, ""window.confirm"": 1}",{}
enhcidlgmnmolephljjhbgfnjlfjnimd_1.1.0.zip,"[""http://*/security.txt"", ""http://*/.well-known/security.txt"", ""https://*/humans.txt"", ""https://*/.well-known/security.txt"", ""storage"", ""https://*/security.txt"", ""tabs"", ""http://*/humans.txt""]","[""storage"", ""tabs""]",X,"{""document.execCommand('copy')"": 2}",{},{},{},{},{},{},{},{},{},{},{},"{""document.querySelector"": 14}","{""fetch"": 12}","{""setTimeout"": 37, ""document.getElementById"": 6, ""document.createElement"": 1}","{""addEventListener"": 10}",{}
eplbdepeknnmfphebjlgnhijimcaiffk_1.1.zip,"[""https://*.airbnb.hk/*"", ""https://*.airbnb.mx/*"", ""https://*.airbnb.pt/*"", ""https://*.airbnb.co.uk/*"", ""tabs"", ""https://*.airbnb.com.ar/*"", ""https://*.airbnb.co.za/*"", ""https://*.airbnb.at/*"", ""https://*.airbnb.co.jp/*"", ""https://*.airbnb.cz/*"", ""https://*.airbnb.co.kr/*"", ""https://*.airbnb.ru/*"", ""https://*.airbnb.sa/*"", ""scripting"", ""https://*.airbnb.it/*"", ""storage"", ""https://*.airbnb.ie/*"", ""https://*.airbnb.nl/*"", ""https://*.airbnb.be/*"", ""https://*.airbnb.dk/*"", ""https://*.airbnb.com/*"", ""https://*.airbnb.fi/*"", ""https://*.airbnb.fr/*"", ""https://*.airbnb.co.nz/*"", ""https://*.airbnb.se/*"", ""https://*.airbnb.ro/*"", ""https://*.airbnb.sg/*"", ""https://*.airbnb.com.br/*"", ""https://*.airbnb.cl/*"", ""https://*.airbnb.ca/*"", ""https://*.airbnb.es/*"", ""https://*.airbnb.tr/*"", ""https://*.airbnb.gr/*"", ""https://*.airbnb.no/*"", ""https://*.airbnb.ch/*"", ""https://*.airbnb.in/*"", ""https://*.airbnb.de/*"", ""https://*.airbnb.cn/*"", ""https://*.airbnb.hu/*"", ""https://*.airbnb.pl/*"", ""https://*.airbnb.com.au/*""]",[],X,{},{},"{""chrome.storage.local.get"": 2, ""chrome.storage.local.set"": 1}","{""chrome.tabs.query"": 2, ""chrome.tabs.onUpdated.addListener"": 2, ""chrome.tabs.update"": 1}","{""chrome.scripting.executeScript"": 3}",{},{},{},{},{},{},{},"{""document.querySelector"": 2}",{},"{""document.getElementById"": 10, ""document.createElement"": 6, ""setTimeout"": 3, ""new MutationObserver"": 2}","{""addEventListener"": 7}",{}
eicdhpjniopddhnmecdjbalndbfiebho_2.0.9.zip,"[""cookies"", ""https://*.taobao.com/*"", ""https://*.1688.com/*"", ""https://nhaphangb2b.com/*"", ""https://*.tmall.com/*"", ""storage"", ""http://*.tmall.com/*"", ""http://*.tmall.hk/*"", ""https://*.tmall.hk/*"", ""http://*.taobao.com/*"", ""http://*.1688.com/*""]",[],X,{},{},"{""chrome.storage.local.set"": 13, ""chrome.storage.local.get"": 7, ""chrome.storage.sync.get"": 2, ""chrome.storage.sync.set"": 2, ""sessionStorage.getItem"": 1}",{},{},{},{},{},{},{},{},{},"{""document.querySelector"": 246, ""document.cookie"": 2, ""new Blob"": 1, ""sessionStorage.setItem"": 1}","{""fetch"": 4, ""new XMLHttpRequest"": 1}","{""document.getElementById"": 55, ""setTimeout"": 28, ""document.createElement"": 16, ""setInterval"": 5, ""element.innerHTML"": 2}","{""addEventListener"": 18}",{}
cfooaggakokcjkebmpeocmcblejiojoi_4.16.3.zip,"[""cookies"", ""https://*.instagram.com/"", ""debugger"", ""scripting"", ""https://*.facebook.com/"", ""declarativeNetRequest"", ""storage"", ""tabs"", ""*://*.office-14.com/""]","[""declarativeNetRequest""]",X,"{""navigator.clipboard.writeText"": 2}",{},"{""chrome.storage.local.set"": 34, ""chrome.storage.local.get"": 6, ""sessionStorage.getItem"": 2}","{""chrome.tabs.create"": 5, ""chrome.tabs.update"": 3, ""chrome.tabs.query"": 2, ""chrome.tabs.remove"": 2, ""chrome.tabs.onUpdated.addListener"": 2}","{""chrome.scripting.executeScript"": 8, ""chrome.scripting.insertCSS"": 1}",{},{},{},{},{},{},{},"{""document.querySelector"": 66, ""sessionStorage.setItem"": 2}","{""fetch"": 84, ""new XMLHttpRequest"": 1}","{""setTimeout"": 85, ""document.createElement"": 32, ""element.style"": 29, ""document.getElementById"": 10, ""setInterval"": 6, ""new MutationObserver"": 5, ""element.innerHTML"": 1, ""chrome.windows.create"": 1}","{""addEventListener"": 110, ""window.confirm"": 1}",{}
ijlcoehenbpgjeepmgnlccidiioiiack_1.2.zip,"[""tabs""]",[],X,{},{},{},"{""chrome.tabs.remove"": 1, ""chrome.tabs.onUpdated.addListener"": 1}",{},{},{},{},{},{},{},{},{},{},{},{},{}
cpbljgomgeogmikpcglnamlndljahkak_0.1.5.zip,"[""http://*/*"", ""tabs"", ""https://*/*"", ""notifications"", ""webNavigation"", ""contextMenus""]",[],X,{},{},"{""localStorage.setItem"": 1}","{""chrome.tabs.query"": 4, ""chrome.tabs.get"": 3, ""chrome.tabs.update"": 2, ""chrome.tabs.create"": 1, ""chrome.tabs.remove"": 1, ""chrome.tabs.onActivated.addListener"": 1}",{},{},{},{},{},{},"{""chrome.notifications.create"": 1, ""chrome.notifications.onClicked.addListener"": 1}","{""chrome.contextMenus.create"": 1}","{""document.querySelector"": 2, ""localStorage.getItem"": 1}","{""fetch"": 5, ""new XMLHttpRequest"": 4}","{""setTimeout"": 29, ""setInterval"": 7, ""document.createElement"": 5, ""chrome.windows.create"": 1, ""document.getElementById"": 1}","{""addEventListener"": 42}",{}
elnfdnpcmioiblhbichaacoghdhofeei_1.1.zip,"[""tabs"", ""storage""]",[],X,{},{},"{""chrome.storage.sync.set"": 11, ""chrome.storage.sync.get"": 10, ""chrome.storage.local.get"": 1, ""chrome.storage.local.set"": 1}","{""chrome.tabs.query"": 2, ""chrome.tabs.onActivated.addListener"": 1}",{},{},{},{},{},{},{},{},"{""document.querySelector"": 53}","{""fetch"": 7, ""new XMLHttpRequest"": 1}","{""document.getElementById"": 106, ""setTimeout"": 40, ""document.createElement"": 13, ""window.open"": 5, ""setInterval"": 2}","{""addEventListener"": 35}",{}
opjjnkenncfhccclamihhkgagcimhkgb_1.1.0.zip,"[""tabs"", ""storage""]",[],X,{},{},"{""chrome.storage.sync.get"": 1}","{""chrome.tabs.create"": 3, ""chrome.tabs.update"": 2, ""chrome.tabs.onActivated.addListener"": 1}",{},{},{},{},{},{},{},{},{},{},{},{},{}
pnkmjipifhjeemponlmnjohfgahenifi_1.1.12.zip,"[""background"", ""tabs"", ""contextMenus""]","[""background""]",X,{},{},{},"{""chrome.tabs.create"": 2, ""chrome.tabs.query"": 1, ""chrome.tabs.update"": 1, ""chrome.tabs.onUpdated.addListener"": 1}",{},{},{},{},{},{},{},"{""chrome.contextMenus.create"": 1, ""chrome.contextMenus.remove"": 1}",{},{},{},{},{}
mokfonabcmhhnohneodilbggkkckipkl_1.0.zip,"[""tabs"", ""contextMenus"", ""storage""]",[],X,{},{},"{""chrome.storage.sync.set"": 5, ""chrome.storage.sync.get"": 4}","{""chrome.tabs.query"": 1}",{},{},{},{},{},{},{},"{""chrome.contextMenus.create"": 1, ""chrome.contextMenus.onClicked.addListener"": 1}","{""document.querySelector"": 49}","{""fetch"": 4}","{""setTimeout"": 18, ""document.createElement"": 15, ""element.style"": 15, ""document.getElementById"": 4, ""element.innerHTML"": 1, ""setInterval"": 1, ""new MutationObserver"": 1}","{""addEventListener"": 23}",{}
pceehdadbjnngdkflkgalipflomjhmei_1.1.zip,"[""*://uso.news/*"", ""cookies"", ""*://*.uso.news/*""]",[],X,{},{},"{""localStorage.setItem"": 2}","{""chrome.tabs.create"": 1}",{},{},{},{},{},{},{},{},"{""document.querySelector"": 3, ""document.cookie"": 2, ""localStorage.getItem"": 1}","{""fetch"": 2, ""new XMLHttpRequest"": 1}","{""setTimeout"": 12, ""document.createElement"": 10, ""window.open"": 6, ""document.getElementById"": 1, ""new MutationObserver"": 1}","{""addEventListener"": 18}",{}
emcnedanfejbplonenbeoplhlgifdfpj_1.0.zip,"[""clipboardWrite"", ""activeTab"", ""contextMenus"", ""storage""]","[""activeTab""]",X,"{""navigator.clipboard.writeText"": 1}",{},"{""chrome.storage.local.set"": 1}","{""chrome.tabs.query"": 1}",{},{},{},{},{},{},{},"{""chrome.contextMenus.create"": 1, ""chrome.contextMenus.onClicked.addListener"": 1}",{},{},"{""document.createElement"": 4, ""setTimeout"": 2}","{""addEventListener"": 4}",{}
fdhbandaekkdmkfikibanmebnkabdlcg_1.0.7.zip,"[""tabs"", ""storage""]",[],X,{},{},"{""chrome.storage.local.get"": 9, ""chrome.storage.local.set"": 8}","{""chrome.tabs.query"": 2, ""chrome.tabs.get"": 2, ""chrome.tabs.onUpdated.addListener"": 1, ""chrome.tabs.onActivated.addListener"": 1}",{},{},{},{},{},{},{},{},"{""document.querySelector"": 1}","{""fetch"": 5}","{""setTimeout"": 10, ""document.createElement"": 5, ""document.getElementById"": 1, ""new MutationObserver"": 1}","{""addEventListener"": 22}",{}
hidnoblbdkccppkplbeenibfihfilkik_4.0.zip,"[""bookmarks""]",[],X,{},{},{},{},{},{},{},"{""chrome.bookmarks.get"": 1}",{},{},{},{},{},{},"{""setTimeout"": 8, ""window.open"": 1}","{""addEventListener"": 8}",{}
imknfkidkilkomeomcidnnjojiilaofb_1.0.0.zip,"[""tabs"", ""bookmarks"", ""storage""]",[],X,{},{},"{""chrome.storage.local.get"": 1, ""chrome.storage.local.set"": 1}","{""chrome.tabs.create"": 1, ""chrome.tabs.query"": 1, ""chrome.tabs.update"": 1}",{},{},{},"{""chrome.bookmarks.get"": 2, ""chrome.bookmarks.remove"": 1}",{},{},{},{},"{""document.querySelector"": 1}",{},"{""setTimeout"": 16, ""document.createElement"": 6, ""document.getElementById"": 1, ""element.style"": 1, ""window.open"": 1}","{""addEventListener"": 20}",{}
mhbadkjcgoaikhkjnickfgoeldpbhcdg_1.2.zip,"[""tabs"", ""activeTab"", ""sidePanel""]","[""activeTab""]",X,{},{},{},"{""chrome.tabs.update"": 2, ""chrome.tabs.onUpdated.addListener"": 1}",{},{},{},{},{},{},{},{},"{""document.querySelector"": 1}","{""fetch"": 1}","{""document.createElement"": 3, ""document.getElementById"": 1, ""new MutationObserver"": 1}","{""addEventListener"": 2}",{}
iihkgfdilhicabfpjpcoiigmmmpccgoo_1.3.zip,"[""https://www.latimer.ai/"", ""clipboardWrite"", ""storage"", ""https://stripe.com/""]",[],X,"{""navigator.clipboard.writeText"": 2}",{},"{""chrome.storage.local.get"": 1, ""chrome.storage.local.set"": 1}","{""chrome.tabs.create"": 3}",{},{},{},{},{},{},{},{},"{""document.cookie"": 2, ""new Blob"": 1, ""document.querySelector"": 1}","{""fetch"": 17, ""new XMLHttpRequest"": 1}","{""document.getElementById"": 65, ""setTimeout"": 19, ""document.createElement"": 4}","{""addEventListener"": 38}",{}
gdnafniaoemlofmmfejfldbofjeoconl_1.2.1.zip,"[""*://*/*"", ""tabs"", ""cookies"", ""storage""]",[],X,{},{},"{""chrome.storage.local.get"": 1, ""chrome.storage.local.set"": 1}","{""chrome.tabs.create"": 1, ""chrome.tabs.query"": 1}",{},{},{},{},{},{},{},{},"{""document.querySelector"": 5}","{""fetch"": 1}",{},"{""addEventListener"": 2}",{}
mjallbknancbdmflofgcplnglpfimhnj_2.1.zip,"[""*://*/*"", ""tabs"", ""storage""]",[],X,{},{},"{""chrome.storage.sync.get"": 1, ""chrome.storage.sync.set"": 1, ""sessionStorage.getItem"": 1}","{""chrome.tabs.executeScript"": 4, ""chrome.tabs.onUpdated.addListener"": 1}",{},{},{},{},{},{},{},{},"{""sessionStorage.setItem"": 1}",{},"{""document.getElementById"": 3, ""document.createElement"": 1, ""setTimeout"": 1}","{""addEventListener"": 2}",{}
eapedfijdadehfmghgfdnanjlpfpognl_0.0.5.21.zip,"[""tabs"", ""storage""]",[],X,{},{},{},"{""chrome.tabs.query"": 1, ""chrome.tabs.onActivated.addListener"": 1}",{},{},{},{},{},{},{},{},{},{},"{""setTimeout"": 1}",{},{}
cghddeepbicpheabhfdbkhpgcphdkblk_1.0.zip,"[""clipboardWrite"", ""activeTab"", ""scripting"", ""storage"", ""sidePanel""]",[],X,"{""navigator.clipboard.writeText"": 2}",{},"{""localStorage.setItem"": 4, ""chrome.storage.local.get"": 1, ""chrome.storage.local.set"": 1}",{},"{""chrome.scripting.executeScript"": 1}",{},{},{},{},{},{},{},"{""document.querySelector"": 17, ""localStorage.getItem"": 7}","{""fetch"": 1}","{""document.createElement"": 21, ""document.getElementById"": 11, ""setTimeout"": 3, ""element.style"": 1}","{""addEventListener"": 19}",{}
fdoabojpkjopijhpfhapkddbafljjfff_1.0.2.zip,"[""tabs"", ""https://api.openai.com/*"", ""*://*/*"", ""activeTab"", ""scripting"", ""contextMenus"", ""storage""]",[],X,"{""navigator.clipboard.writeText"": 1}",{},"{""chrome.storage.sync.get"": 4, ""localStorage.setItem"": 4, ""chrome.storage.local.set"": 3, ""chrome.storage.sync.set"": 2, ""chrome.storage.local.get"": 1}","{""chrome.tabs.query"": 4, ""chrome.tabs.create"": 2}","{""chrome.scripting.executeScript"": 3}",{},{},{},{},{},{},"{""chrome.contextMenus.create"": 1, ""chrome.contextMenus.remove"": 1, ""chrome.contextMenus.onClicked.addListener"": 1}","{""localStorage.getItem"": 6, ""new Blob"": 2, ""document.cookie"": 2, ""document.querySelector"": 1}","{""fetch"": 9, ""new XMLHttpRequest"": 1}","{""setTimeout"": 12, ""document.createElement"": 9, ""document.getElementById"": 1}","{""addEventListener"": 13}",{}
baleiojnjpgeojohhhfbichcodgljmnj_2.25.0.19320.zip,"[""<all_urls>"", ""management"", ""scripting"", ""alarms"", ""storage"", ""nativeMessaging"", ""tabs"", ""webRequest"", ""webNavigation"", ""activeTab""]",[],X,{},{},"{""chrome.storage.sync.get"": 1, ""chrome.storage.sync.set"": 1}","{""chrome.tabs.query"": 4, ""chrome.tabs.update"": 4, ""chrome.tabs.remove"": 4, ""chrome.tabs.create"": 3, ""chrome.tabs.get"": 2, ""chrome.tabs.captureVisibleTab"": 2, ""chrome.tabs.onUpdated.addListener"": 1, ""chrome.tabs.onActivated.addListener"": 1}","{""chrome.scripting.executeScript"": 2}",{},"{""chrome.webRequest.onBeforeRequest"": 1}",{},{},"{""chrome.alarms.create"": 1, ""chrome.alarms.get"": 1, ""chrome.alarms.onAlarm.addListener"": 1}",{},{},"{""document.querySelector"": 6, ""new Blob"": 1}","{""fetch"": 8}","{""setTimeout"": 15, ""setInterval"": 4, ""chrome.windows.create"": 2, ""document.getElementById"": 2, ""document.createElement"": 1, ""canvas.getContext"": 1}","{""addEventListener"": 2}",{}
ehekffhhobjogdcdafcfhkfpcpaeagnd_1.2.zip,"[""*://*/*"", ""cookies""]",[],X,{},{},{},"{""chrome.tabs.create"": 1}",{},{},{},{},{},{},{},{},"{""document.querySelector"": 30, ""document.cookie"": 6, ""new Blob"": 2}","{""fetch"": 6, ""new XMLHttpRequest"": 5, ""new WebSocket"": 3}","{""setTimeout"": 32, ""document.createElement"": 13, ""element.style"": 11, ""document.getElementById"": 8, ""setInterval"": 3}","{""addEventListener"": 38}",{}
dcfhgekodfnlbfgiaoahkobmkjlpmdgn_1.0.3.zip,"[""tabs"", ""<all_urls>"", ""activeTab"", ""scripting"", ""https://*.misbar.com/*"", ""storage""]",[],X,{},{},"{""chrome.storage.local.set"": 2, ""chrome.storage.local.get"": 2}","{""chrome.tabs.onUpdated.addListener"": 1, ""chrome.tabs.query"": 1}","{""chrome.scripting.executeScript"": 1, ""chrome.scripting.insertCSS"": 1}",{},{},{},{},{},{},{},"{""document.querySelector"": 5}","{""new XMLHttpRequest"": 3}","{""setTimeout"": 5, ""document.createElement"": 3}","{""addEventListener"": 4}",{}
iajafhoaenbbggpaicppbgaadgdgjcgd_1.0.0.zip,"[""identity"", ""storage"", ""<all_urls>"", ""history"", ""favicon"", ""*://*/*"", ""bookmarks"", ""identity.email""]","[""favicon""]",X,"{""navigator.clipboard.readText"": 1, ""navigator.clipboard.writeText"": 1}",{},"{""chrome.storage.sync.get"": 4, ""localStorage.setItem"": 3, ""chrome.storage.local.get"": 2, ""chrome.storage.sync.set"": 2, ""chrome.storage.local.set"": 1}","{""chrome.tabs.create"": 2}",{},"{""chrome.identity.getProfileUserInfo"": 2}",{},"{""chrome.bookmarks.get"": 3, ""chrome.bookmarks.create"": 2, ""chrome.bookmarks.update"": 1, ""chrome.bookmarks.remove"": 1}","{""chrome.history.search"": 1, ""chrome.history.deleteUrl"": 1}",{},{},{},"{""document.querySelector"": 6, ""new Blob"": 4, ""localStorage.getItem"": 2, ""document.cookie"": 2}","{""fetch"": 3, ""new XMLHttpRequest"": 3}","{""setTimeout"": 19, ""document.createElement"": 11, ""chrome.windows.create"": 2, ""new MutationObserver"": 2, ""document.getElementById"": 1}","{""addEventListener"": 16}",{}
ddembjalhjiblnlfifeldhohmigachhh_1.0.zip,"[""clipboardWrite""]","[""clipboardWrite""]",X,{},{},{},{},{},{},{},{},{},{},{},{},{},{},"{""document.createElement"": 1}","{""addEventListener"": 2}",{}
bbpbfkgigdkapgfiipkhknbpampmndfg_1.0.12.zip,"[""https://*.firebaseio.com/*"", ""tabGroups"", ""identity"", ""*://*.google.com/"", ""https://*.googleapis.com/*"", ""unlimitedStorage"", ""storage"", ""tabs"", ""*://*.tabiola.org/"", ""contextMenus"", ""activeTab"", ""sidePanel""]","[""activeTab""]",X,"{""navigator.clipboard.writeText"": 2}",{},"{""indexedDB.open"": 3, ""navigator.storage.persist"": 3, ""chrome.storage.sync.get"": 1, ""localStorage.setItem"": 1}","{""chrome.tabs.query"": 7, ""chrome.tabs.update"": 3, ""chrome.tabs.create"": 2, ""chrome.tabs.onUpdated.addListener"": 1, ""chrome.tabs.onActivated.addListener"": 1}",{},"{""chrome.identity.getAuthToken"": 1}",{},{},{},{},{},"{""chrome.contextMenus.create"": 2, ""chrome.contextMenus.onClicked.addListener"": 2}","{""document.querySelector"": 19, ""new Blob"": 6, ""document.cookie"": 1, ""localStorage.getItem"": 1}","{""fetch"": 70, ""new XMLHttpRequest"": 3, ""navigator.sendBeacon"": 2}","{""setTimeout"": 124, ""document.createElement"": 109, ""setInterval"": 9, ""document.getElementById"": 5, ""new MutationObserver"": 4, ""chrome.windows.create"": 1, ""element.innerHTML"": 1}","{""addEventListener"": 238}",{}
pdgbmlhjjgaenhbmahiafcelnbbbopla_4.0.zip,"[""favicon"", ""offscreen"", ""bookmarks"", ""storage""]","[""favicon""]",X,{},{},"{""chrome.storage.local.get"": 4, ""chrome.storage.local.set"": 1}","{""chrome.tabs.create"": 1}",{},{},{},"{""chrome.bookmarks.get"": 2, ""chrome.bookmarks.search"": 1, ""chrome.bookmarks.remove"": 1}",{},{},{},{},"{""document.querySelector"": 12}","{""fetch"": 13}","{""document.getElementById"": 3, ""setTimeout"": 3, ""document.createElement"": 1}","{""addEventListener"": 10}",{}
bcocdbombenodlegijagbhdjbifpiijp_28.1.3.zip,"[""background"", ""*://*.instagram.com/*"", ""cookies"", ""*://*.inssist.com/*"", ""offscreen"", ""alarms"", ""declarativeNetRequest""]","[""background""]",O,"{""navigator.clipboard.writeText"": 1}","{""chrome.downloads.download"": 3}","{""localStorage.setItem"": 10, ""navigator.storage.persist"": 6, ""indexedDB.open"": 4}","{""chrome.tabs.create"": 19, ""chrome.tabs.get"": 2, ""chrome.tabs.update"": 1}",{},{},{},{},{},"{""chrome.alarms.create"": 5, ""chrome.alarms.onAlarm.addListener"": 5, ""chrome.alarms.clear"": 4, ""chrome.alarms.get"": 1}",{},{},"{""document.querySelector"": 16, ""localStorage.getItem"": 6, ""new Blob"": 4, ""document.cookie"": 3, ""file.name"": 1}","{""fetch"": 276, ""new XMLHttpRequest"": 6}","{""setTimeout"": 202, ""document.createElement"": 75, ""setInterval"": 35, ""new MutationObserver"": 5, ""window.open"": 5, ""document.getElementById"": 3, ""canvas.getContext"": 1}","{""addEventListener"": 215, ""chrome.permissions.request"": 4, ""window.prompt"": 2}",{}
mcebidbgdlfebjbnkkpfbdclngmaando_1.1.2.zip,"[""tabs"", ""contextMenus""]",[],X,{},{},{},"{""chrome.tabs.get"": 4, ""chrome.tabs.remove"": 2}",{},{},{},{},{},{},{},"{""chrome.contextMenus.create"": 1}",{},{},"{""document.getElementById"": 1}",{},{}
mgakchnhkgppicccbfnoimecojceghaj_1.0.zip,"[""*://*.youtube.com/*"", ""tabs""]",[],X,{},{},{},"{""chrome.tabs.update"": 2, ""chrome.tabs.query"": 1, ""chrome.tabs.onUpdated.addListener"": 1}",{},{},{},{},{},{},{},{},"{""document.querySelector"": 1}",{},"{""document.createElement"": 1, ""document.getElementById"": 1, ""new MutationObserver"": 1, ""setTimeout"": 1, ""setInterval"": 1}",{},{}
ebpgbpnccddgdkiobopbfiijonjbmpnl_1.0.1.zip,"[""http://*/*"", ""https://*/*"", ""webRequest"", ""activeTab"", ""webNavigation"", ""storage"", ""geolocation""]","[""activeTab""]",X,{},{},"{""chrome.storage.local.get"": 10, ""localStorage.setItem"": 3, ""chrome.storage.local.set"": 3, ""sessionStorage.getItem"": 2}","{""chrome.tabs.get"": 2, ""chrome.tabs.query"": 1}",{},{},"{""chrome.webRequest.onCompleted"": 1}",{},{},{},{},{},"{""document.querySelector"": 9, ""localStorage.getItem"": 3, ""sessionStorage.setItem"": 2, ""new Blob"": 2}","{""fetch"": 14}","{""document.createElement"": 27, ""setTimeout"": 16, ""document.getElementById"": 8, ""element.style"": 4, ""canvas.getContext"": 2}","{""addEventListener"": 33}",{}
fpeifbebfjeoaiomiafdppodhpnfgbhc_0.1.zip,"[""history""]",[],X,{},{},{},{},{},{},{},{},"{""chrome.history.search"": 4, ""chrome.history.deleteUrl"": 1}",{},{},{},"{""document.querySelector"": 6}",{},"{""document.createElement"": 64, ""setTimeout"": 40, ""document.getElementById"": 7, ""setInterval"": 7}","{""addEventListener"": 280}",{}
dfckchceomnbpfnehijdneobbfkmnafg_1.2.zip,"[""https://panel.hiva.app/"", ""tabs"", ""http://panel.hiva.app/"", ""cookies""]",[],X,{},{},{},"{""chrome.tabs.onUpdated.addListener"": 3}",{},{},{},{},{},{},{},{},"{""document.querySelector"": 10}","{""fetch"": 24}","{""setTimeout"": 56, ""document.getElementById"": 30, ""document.createElement"": 7, ""setInterval"": 1, ""canvas.getContext"": 1}","{""addEventListener"": 17}",{}
ddhailnbodajnflekpkmkpglocmendfp_2.2.zip,"[""tabs"", ""scripting"", ""https://www.classcard.net/*"", ""storage""]",[],X,{},{},"{""chrome.storage.local.get"": 2, ""chrome.storage.local.set"": 1}","{""chrome.tabs.onUpdated.addListener"": 3, ""chrome.tabs.query"": 3}","{""chrome.scripting.insertCSS"": 2}",{},{},{},{},{},{},{},{},{},"{""setTimeout"": 13, ""new MutationObserver"": 3, ""setInterval"": 1}","{""addEventListener"": 9}",{}
mlhofhddnebfkjoialgecpehddcpmipf_1.3.zip,"[""tabs"", ""https://docs.google.com/forms/*"", ""notifications"", ""scripting"", ""storage""]",[],X,{},{},"{""chrome.storage.local.set"": 2, ""chrome.storage.local.get"": 1}","{""chrome.tabs.query"": 2, ""chrome.tabs.remove"": 1, ""chrome.tabs.onActivated.addListener"": 1}","{""chrome.scripting.executeScript"": 1}",{},{},{},{},{},"{""chrome.notifications.create"": 3}",{},{},{},"{""setTimeout"": 3}",{},{}
cmfdbhodbknpeambnnahbheoeajhbeel_1.1.9.zip,"[""https://*.instagram.com/*"", ""tabs"", ""https://*.cdninstagram.com/*"", ""https://*.fbcdn.net/*"", ""unlimitedStorage"", ""https://instech.tech/*""]",[],X,{},{},"{""localStorage.setItem"": 2, ""sessionStorage.getItem"": 1}","{""chrome.tabs.query"": 6, ""chrome.tabs.create"": 6, ""chrome.tabs.get"": 1}",{},{},{},{},{},{},{},{},"{""document.querySelector"": 39, ""new Blob"": 7, ""localStorage.getItem"": 2, ""document.cookie"": 1}","{""fetch"": 14, ""new XMLHttpRequest"": 5}","{""document.getElementById"": 295, ""document.createElement"": 89, ""setTimeout"": 65, ""element.style"": 16, ""setInterval"": 13, ""canvas.getContext"": 10, ""window.open"": 2}","{""addEventListener"": 58}",{}
bfkihilfmmfmadafdjjdcfdfcpicpkkp_2.3.1.zip,"[""http://*.facebook.com/*"", ""tabs"", ""https://*.facebook.com/*"", ""notifications"", ""unlimitedStorage"", ""scripting"", ""storage""]",[],X,{},{},"{""chrome.storage.local.get"": 14, ""chrome.storage.local.set"": 10, ""chrome.storage.sync.set"": 1}","{""chrome.tabs.query"": 12, ""chrome.tabs.create"": 7, ""chrome.tabs.update"": 3, ""chrome.tabs.remove"": 2, ""chrome.tabs.onUpdated.addListener"": 2}","{""chrome.scripting.executeScript"": 1}",{},{},{},{},{},"{""chrome.notifications.create"": 1}",{},"{""document.querySelector"": 17, ""document.cookie"": 4, ""localStorage.getItem"": 1}","{""fetch"": 17, ""new XMLHttpRequest"": 1}","{""setTimeout"": 41, ""document.getElementById"": 38, ""document.createElement"": 17, ""element.style"": 13, ""setInterval"": 9, ""chrome.windows.create"": 1}","{""addEventListener"": 43}",{}
mdplmiioglkpgkdblijgilgebpppgblm_1.98.25.zip,"[""<all_urls>"", ""unlimitedStorage"", ""offscreen"", ""scripting"", ""alarms"", ""storage"", ""tabs"", ""webRequest"", ""tabCapture"", ""activeTab""]","[""activeTab"", ""alarms"", ""offscreen"", ""scripting"", ""tabCapture"", ""tabs"", ""webRequest""]",X,{},{},"{""indexedDB.open"": 7, ""chrome.storage.local.get"": 3, ""localStorage.setItem"": 1, ""sessionStorage.getItem"": 1}",{},{},{},{},{},{},{},{},{},"{""document.querySelector"": 28, ""new Blob"": 21, ""document.cookie"": 6, ""localStorage.getItem"": 2, ""sessionStorage.setItem"": 1}","{""fetch"": 284, ""new XMLHttpRequest"": 9}","{""setTimeout"": 197, ""document.createElement"": 179, ""setInterval"": 28, ""window.open"": 24, ""document.getElementById"": 8, ""new MutationObserver"": 3, ""element.style"": 1}","{""addEventListener"": 379, ""document.onmousemove"": 4, ""window.confirm"": 1}",{}
omacmfialjnoognohplbhhbgpeillekn_0.0.2.zip,"[""debugger"", ""activeTab""]","[""activeTab""]",X,{},{},{},"{""chrome.tabs.query"": 4}",{},{},{},{},{},{},{},{},"{""document.querySelector"": 3}",{},"{""setTimeout"": 8, ""document.createElement"": 7, ""document.getElementById"": 1}","{""addEventListener"": 6}",{}
eacdlhdafbpmjohojacamlbhiogcpcbd_1.6.9.zip,"[""identity"", ""https://teams.live.com/*"", ""https://meet.google.com/*"", ""offscreen"", ""scripting"", ""storage"", ""https://*.zoom.us/*"", ""tabs"", ""https://meet.ringover.io/*"", ""https://teams.microsoft.com/*"", ""tabCapture"", ""https://meet-v2.ringover.net/*"", ""activeTab""]",[],X,{},{},"{""chrome.storage.local.get"": 12, ""chrome.storage.local.set"": 6}","{""chrome.tabs.create"": 7, ""chrome.tabs.remove"": 7, ""chrome.tabs.query"": 4, ""chrome.tabs.onUpdated.addListener"": 2, ""chrome.tabs.get"": 1}","{""chrome.scripting.executeScript"": 8}",{},{},{},{},{},{},{},"{""document.querySelector"": 15, ""new Blob"": 7, ""file.name"": 1}","{""fetch"": 6}","{""document.getElementById"": 35, ""setTimeout"": 24, ""document.createElement"": 11, ""setInterval"": 6, ""new MutationObserver"": 2, ""chrome.windows.create"": 1, ""window.open"": 1}","{""addEventListener"": 15, ""document.onmousemove"": 2, ""chrome.permissions.request"": 1}",{}
efefmblkhfibknkkhllennfdkfnnmjek_0.0.0.2.zip,"[""<all_urls>"", ""storage"", ""scripting"", ""webRequest""]",[],X,{},{},"{""chrome.storage.sync.get"": 3, ""chrome.storage.sync.set"": 3}","{""chrome.tabs.query"": 2}","{""chrome.scripting.executeScript"": 4, ""chrome.scripting.insertCSS"": 1}",{},"{""chrome.webRequest.onBeforeRequest"": 1}",{},{},{},{},{},"{""document.querySelector"": 3}",{},"{""document.createElement"": 1}","{""addEventListener"": 5}",{}
aneeijmdeahjkiegfhgngfbkcopllngo_0.1.3.zip,"[""https://fonts.googleapis.com/*"", ""http://*/*"", ""<all_urls>"", ""https://*/*"", ""https://fonts.gstatic.com/*"", ""scripting"", ""storage"", ""tabs"", ""tabCapture"", ""activeTab""]","[""storage"", ""tabCapture""]",X,{},{},"{""localStorage.setItem"": 2}","{""chrome.tabs.captureVisibleTab"": 2, ""chrome.tabs.query"": 1, ""chrome.tabs.onUpdated.addListener"": 1}","{""chrome.scripting.executeScript"": 1}",{},{},{},{},{},{},{},"{""document.querySelector"": 16, ""document.cookie"": 4, ""new Blob"": 2, ""localStorage.getItem"": 2}","{""fetch"": 24, ""new XMLHttpRequest"": 3}","{""document.createElement"": 92, ""setTimeout"": 64, ""document.getElementById"": 6, ""new MutationObserver"": 6, ""window.open"": 5, ""setInterval"": 4, ""chrome.windows.create"": 1}","{""addEventListener"": 128}",{}
mmfgbjodfoknnfknlpjofenajlnlkeee_1.0.zip,"[""identity"", ""tabs"", ""activeTab"", ""scripting"", ""storage"", ""https://*.linkedin.com/*""]",[],X,{},{},"{""chrome.storage.local.get"": 4, ""chrome.storage.local.set"": 4}","{""chrome.tabs.create"": 2, ""chrome.tabs.query"": 1}","{""chrome.scripting.executeScript"": 1}","{""chrome.identity.getAuthToken"": 5}",{},{},{},{},{},{},"{""document.querySelector"": 11, ""file.name"": 5, ""file.type"": 3}","{""fetch"": 30}","{""document.getElementById"": 114, ""document.createElement"": 20, ""setTimeout"": 9, ""window.open"": 1}","{""addEventListener"": 30}",{}
ffbcdgcfkjmnjojcfepefdidjdkioggl_0.3.zip,"[""tabs"", ""https://finance.google.com/finance/*"", ""http://www.bseindia.com/corporates/ann.aspx?expandable=0"", ""notifications"", ""contextMenus"", ""storage""]","[""contextMenus"", ""notifications"", ""storage""]",X,{},{},{},"{""chrome.tabs.create"": 1}",{},{},{},{},{},{},{},{},"{""document.querySelector"": 1}","{""new XMLHttpRequest"": 2}","{""setTimeout"": 9, ""document.getElementById"": 3, ""setInterval"": 1}","{""addEventListener"": 11}",{}
mlldkokglanggjkokhdboagaekobhome_1.18.zip,"[""https://app.candidate.fyi/*"", ""tabs"", ""storage"", ""sidePanel""]",[],X,{},{},{},"{""chrome.tabs.onUpdated.addListener"": 3, ""chrome.tabs.query"": 2, ""chrome.tabs.get"": 2, ""chrome.tabs.onActivated.addListener"": 2}",{},{},{},{},{},{},{},{},"{""document.querySelector"": 12}",{},"{""document.createElement"": 11, ""document.getElementById"": 11, ""new MutationObserver"": 7, ""setInterval"": 2}","{""addEventListener"": 14}",{}
fjloanfmldedeklicoenijiddfgipkke_2.1.11.zip,"[""*://msk.liepin.com/*"", ""*://*.58.com/*"", ""*://m.zhipin.com/*"", ""tabs"", ""*://2haohr.com/*"", ""*://dingtalk-test.2haohr.com/*"", ""*://wework-dev.2haohr.com/*"", ""*://msk.liepin.cn/*"", ""*://passport.zhaopin.com/*"", ""*://localhost/*"", ""unlimitedStorage"", ""*://wework-test.2haohr.com/*"", ""*://*.lagou.com/*"", ""*://www-dev.2haohr.com/*"", ""*://rd6.zhaopin.com/*"", ""*://127.0.0.1/*"", ""*://dingtalk.2haohr.com/*"", ""*://dingtalk-dev.2haohr.com/*"", ""downloads"", ""*://dev.2haohr.com/*"", ""*://lpt.liepin.com/*"", ""*://test.2haohr.com/*"", ""*://www.test.2haohr.com/*"", ""*://ehire.51job.com/*"", ""https://ihr.zhaopin.com/*"", ""*://www.lgstatic.com/*"", ""*://wework.2haohr.com/*"", ""*://feishu-dev.2haohr.com/*"", ""*://feishu-test.2haohr.com/*"", ""*://mall.51job.com/*"", ""management"", ""notifications"", ""*://login.zhipin.com/"", ""*://easy.lagou.com/*"", ""https://www.zhipin.com/*"", ""https://rd5.zhaopin.com/*"", ""background"", ""*://passport.liepin.com/*"", ""*://newrms.cjol.com/*"", ""*://www.2haohr.com/*"", ""*://feishu.2haohr.com/*"", ""*://yun.lagou.com/*"", ""*://lpt.liepin.cn/*""]","[""background"", ""unlimitedStorage""]",X,{},"{""chrome.downloads.download"": 1}","{""localStorage.setItem"": 13, ""sessionStorage.getItem"": 3}","{""chrome.tabs.get"": 10, ""chrome.tabs.query"": 5, ""chrome.tabs.update"": 5, ""chrome.tabs.remove"": 5, ""chrome.tabs.executeScript"": 5, ""chrome.tabs.onUpdated.addListener"": 1}",{},{},{},{},{},{},"{""chrome.notifications.create"": 5, ""chrome.notifications.update"": 5, ""chrome.notifications.clear"": 5}",{},"{""document.querySelector"": 395, ""localStorage.getItem"": 34, ""new Blob"": 13, ""sessionStorage.setItem"": 12, ""document.cookie"": 11}","{""fetch"": 260, ""new XMLHttpRequest"": 24, ""navigator.sendBeacon"": 8}","{""setTimeout"": 398, ""document.createElement"": 178, ""document.getElementById"": 41, ""new MutationObserver"": 39, ""setInterval"": 25, ""chrome.windows.create"": 7}","{""addEventListener"": 363, ""window.onbeforeunload"": 1}",{}
dbgmmpgmabjfojcomjpoodckbajfclkd_1.1.5.zip,"[""tabs"", ""<all_urls>""]",[],X,{},{},{},"{""chrome.tabs.create"": 2, ""chrome.tabs.update"": 2, ""chrome.tabs.onUpdated.addListener"": 1, ""chrome.tabs.captureVisibleTab"": 1}",{},{},{},{},{},{},{},{},"{""document.querySelector"": 3}",{},"{""document.createElement"": 3, ""setTimeout"": 3, ""element.innerHTML"": 1, ""element.style"": 1, ""setInterval"": 1}","{""addEventListener"": 9}",{}
fngpcgiklmapjpnkjdjmpgajiijocdkd_3.0.zip,"[""tabs"", ""<all_urls>""]",[],X,{},{},{},"{""chrome.tabs.create"": 2, ""chrome.tabs.onUpdated.addListener"": 2}",{},{},{},{},{},{},{},{},{},"{""fetch"": 26}","{""document.createElement"": 2}",{},{}
igpmccnfdgkfbgdmnamhlphegclidlbk_1.0.2.zip,"[""<all_urls>"", ""downloads"", ""unlimitedStorage"", ""desktopCapture"", ""storage""]",[],X,{},"{""chrome.downloads.download"": 1}","{""chrome.storage.local.get"": 5, ""chrome.storage.local.set"": 4, ""localStorage.setItem"": 4, ""sessionStorage.getItem"": 2, ""chrome.storage.sync.get"": 1}","{""chrome.tabs.query"": 6, ""chrome.tabs.create"": 2, ""chrome.tabs.get"": 1, ""chrome.tabs.remove"": 1, ""chrome.tabs.onUpdated.addListener"": 1}",{},{},{},{},{},{},{},{},"{""sessionStorage.setItem"": 4, ""new Blob"": 2, ""document.querySelector"": 2, ""localStorage.getItem"": 2}","{""fetch"": 6}","{""setTimeout"": 65, ""document.createElement"": 16, ""document.getElementById"": 6, ""setInterval"": 6}","{""addEventListener"": 37, ""window.prompt"": 1}",{}
hhdoodgdlgbcpmadfldaghcflgnkndca_0.9.4.zip,"[""identity"", ""clipboardWrite"", ""<all_urls>"", ""https://apis.google.com/js/api.js"", ""https://*/"", ""storage"", ""tabs"", ""contextMenus"", ""activeTab"", ""http://*/""]","[""activeTab"", ""clipboardWrite""]",X,{},{},"{""chrome.storage.sync.get"": 7, ""chrome.storage.local.get"": 4, ""chrome.storage.local.set"": 2, ""chrome.storage.sync.set"": 2, ""sessionStorage.getItem"": 2}","{""chrome.tabs.query"": 4, ""chrome.tabs.executeScript"": 2, ""chrome.tabs.create"": 2, ""chrome.tabs.update"": 2, ""chrome.tabs.onUpdated.addListener"": 1}",{},"{""chrome.identity.getAuthToken"": 14}",{},{},{},{},{},"{""chrome.contextMenus.create"": 2, ""chrome.contextMenus.onClicked.addListener"": 1}","{""file.size"": 10, ""new Blob"": 8, ""file.type"": 6, ""sessionStorage.setItem"": 3, ""file.name"": 2}","{""new XMLHttpRequest"": 22, ""fetch"": 13}","{""document.createElement"": 52, ""setTimeout"": 41, ""document.getElementById"": 18, ""setInterval"": 10, ""new MutationObserver"": 5}","{""addEventListener"": 40}",{}
ljgjcimndppiojghmlofccojajkhglpg_1.0.1.zip,"[""tabs""]",[],X,{},"{""chrome.downloads.download"": 1}",{},"{""chrome.tabs.query"": 2}",{},{},{},{},{},{},{},{},"{""new Blob"": 4, ""file.name"": 4}","{""new XMLHttpRequest"": 4, ""fetch"": 1}","{""setTimeout"": 21, ""document.createElement"": 10, ""document.getElementById"": 9, ""window.open"": 1}","{""addEventListener"": 10}",{}
glaffjplfihhkhanmgaajakfjfmjifng_1.zip,"[""tabs"", ""storage"", ""notifications""]",[],X,{},{},"{""chrome.storage.local.set"": 6, ""chrome.storage.local.get"": 1}","{""chrome.tabs.create"": 2}",{},{},{},{},{},{},"{""chrome.notifications.create"": 2, ""chrome.notifications.onClicked.addListener"": 1}",{},{},{},"{""setTimeout"": 8, ""setInterval"": 1}","{""addEventListener"": 9}",{}
cnkaahfnkfaigbdcgcliiecccljnoeom_1.0.1.zip,"[""<all_urls>"", ""tabs"", ""scripting"", ""storage""]","[""scripting""]",X,{},{},"{""chrome.storage.local.get"": 3, ""chrome.storage.local.set"": 2, ""localStorage.setItem"": 2}","{""chrome.tabs.query"": 1}",{},{},{},{},{},{},{},{},"{""document.querySelector"": 5, ""localStorage.getItem"": 4}","{""fetch"": 4}","{""document.createElement"": 7, ""setTimeout"": 6, ""document.getElementById"": 1, ""new MutationObserver"": 1, ""setInterval"": 1}","{""addEventListener"": 14}",{}
jfnjckhmnnncmfibgcehfjdklmgkfiio_0.0.1.0.zip,"[""tabs"", ""webNavigation"", ""downloads"", ""activeTab""]","[""activeTab""]",X,{},"{""chrome.downloads.download"": 1}",{},"{""chrome.tabs.query"": 2}",{},{},{},{},{},{},{},{},"{""new Blob"": 1, ""document.querySelector"": 1}",{},"{""document.createElement"": 15, ""setTimeout"": 7, ""document.getElementById"": 7}","{""addEventListener"": 12}",{}
jpijepjflkfojekoipljndehfjepimkn_1.1.zip,"[""https://pet-chain.baidu.com/*"", ""webRequestBlocking"", ""webRequest""]",[],X,{},{},{},{},{},{},"{""chrome.webRequest.onBeforeRequest"": 2}",{},{},{},{},{},"{""document.querySelector"": 2, ""new Blob"": 1}","{""fetch"": 2, ""new XMLHttpRequest"": 1}","{""setTimeout"": 24, ""document.getElementById"": 5, ""setInterval"": 1, ""document.createElement"": 1}","{""addEventListener"": 3}",{}
dafkkimnoemanmhikhkpbfaahfhjgdnb_1.1.1.zip,"[""<all_urls>"", ""tabs"", ""webNavigation"", ""storage""]",[],X,{},{},"{""chrome.storage.local.get"": 6, ""chrome.storage.local.set"": 5}","{""chrome.tabs.query"": 3, ""chrome.tabs.get"": 1, ""chrome.tabs.onActivated.addListener"": 1}",{},{},{},{},{},{},{},{},"{""document.querySelector"": 17}",{},"{""document.getElementById"": 15, ""setTimeout"": 12, ""document.createElement"": 5, ""window.open"": 2}","{""addEventListener"": 6}",{}
hjimmklopenmealinniilgohbmglfooi_1.3.10.zip,"[""tabs"", ""alarms"", ""storage""]","[""alarms"", ""storage"", ""tabs""]",X,"{""navigator.clipboard.writeText"": 3}",{},"{""sessionStorage.getItem"": 7, ""indexedDB.open"": 3, ""localStorage.setItem"": 3}",{},{},{},{},{},{},{},{},{},"{""document.querySelector"": 56, ""sessionStorage.setItem"": 20, ""localStorage.getItem"": 12, ""document.cookie"": 4, ""new Blob"": 1}","{""fetch"": 178, ""new XMLHttpRequest"": 3}","{""setTimeout"": 58, ""document.createElement"": 18, ""setInterval"": 11, ""document.getElementById"": 6, ""window.open"": 2, ""new MutationObserver"": 1}","{""addEventListener"": 70}",{}
nmeegpdlcdjpkjghamefpcciaejhglop_1.0.0.zip,"[""clipboardWrite"", ""tabs"", ""storage"", ""clipboardRead""]","[""clipboardRead""]",X,"{""navigator.clipboard.writeText"": 1}",{},"{""chrome.storage.sync.get"": 11, ""chrome.storage.sync.set"": 6}","{""chrome.tabs.create"": 2, ""chrome.tabs.query"": 1, ""chrome.tabs.update"": 1}",{},{},{},{},{},{},{},{},"{""document.querySelector"": 2, ""new Blob"": 1}",{},"{""document.getElementById"": 15, ""document.createElement"": 3, ""setTimeout"": 2, ""chrome.windows.create"": 2}","{""addEventListener"": 10}",{}
abohkhpiikhciflhojmdnongnageicem_1.0.zip,"[""downloads"", ""activeTab""]","[""activeTab""]",X,"{""navigator.clipboard.writeText"": 1}","{""chrome.downloads.download"": 1}",{},"{""chrome.tabs.query"": 1}",{},{},{},{},{},{},{},{},{},{},"{""document.getElementById"": 5}","{""addEventListener"": 3}",{}
obbhcemdieglpilieepgcbhpocmbkphm_1.1.2.zip,"[""bookmarks"", ""contextMenus"", ""activeTab""]","[""activeTab""]",X,{},{},{},"{""chrome.tabs.executeScript"": 1}",{},{},{},"{""chrome.bookmarks.get"": 1}",{},{},{},"{""chrome.contextMenus.create"": 1, ""chrome.contextMenus.onClicked.addListener"": 1}",{},{},"{""document.createElement"": 12, ""document.getElementById"": 2, ""setTimeout"": 1}","{""addEventListener"": 8}",{}
pomlcckbphmgddbhchkpehnfkegaenke_0.2.zip,"[""tabs""]",[],X,{},{},{},"{""chrome.tabs.create"": 1, ""chrome.tabs.update"": 1, ""chrome.tabs.get"": 1}",{},{},{},{},{},{},{},{},{},{},{},{},{}
fkghopacecghkmmhjhdhkcjlklbllmhc_1.2.zip,"[""tabs"", ""<all_urls>"", ""activeTab"", ""https://ajax.googleapis.com/"", ""storage""]","[""activeTab""]",X,{},{},"{""chrome.storage.sync.get"": 3, ""indexedDB.open"": 2, ""localStorage.setItem"": 2, ""chrome.storage.sync.set"": 1}","{""chrome.tabs.query"": 3, ""chrome.tabs.executeScript"": 1}",{},{},{},{},{},{},{},{},"{""new Blob"": 7, ""localStorage.getItem"": 2, ""store.put"": 1, ""document.querySelector"": 1}","{""fetch"": 2, ""new XMLHttpRequest"": 1}","{""document.getElementById"": 61, ""setTimeout"": 11, ""document.createElement"": 3, ""window.open"": 2}","{""addEventListener"": 16}",{}
nmemhfgjhnfmckacjippmiconfgoaamj_0.0.0.4.zip,"[""downloads""]",[],X,{},"{""chrome.downloads.search"": 1}","{""indexedDB.open"": 2}",{},{},{},{},{},{},{},{},{},"{""new Blob"": 1}","{""fetch"": 2}","{""document.createElement"": 1, ""document.getElementById"": 1}","{""addEventListener"": 1}",{}
gnonenpkkhngjcpilegkmajnjicpjmpd_0.9.11.zip,"[""cookies"", ""*://*.linkedin.com/*"", ""*://*.hintsay.com/*"", ""alarms"", ""storage""]",[],X,{},{},"{""chrome.storage.local.get"": 4, ""chrome.storage.local.set"": 2}",{},{},{},{},{},{},"{""chrome.alarms.clear"": 4, ""chrome.alarms.create"": 2, ""chrome.alarms.get"": 2, ""chrome.alarms.onAlarm.addListener"": 1}",{},{},{},"{""fetch"": 85, ""navigator.sendBeacon"": 4, ""new XMLHttpRequest"": 2}","{""setTimeout"": 38, ""setInterval"": 8}","{""addEventListener"": 26}",{}
gpfafllpahmdkcafjbnbcoeiiahmnfej_0.5.zip,"[""history"", ""favicon"", ""bookmarks""]","[""favicon""]",X,{},{},"{""localStorage.setItem"": 1}","{""chrome.tabs.update"": 1}",{},{},{},"{""chrome.bookmarks.get"": 1, ""chrome.bookmarks.remove"": 1}","{""chrome.history.search"": 1}",{},{},{},"{""document.querySelector"": 2, ""localStorage.getItem"": 1, ""document.cookie"": 1}","{""fetch"": 3, ""new XMLHttpRequest"": 1}","{""setTimeout"": 9, ""setInterval"": 5, ""document.createElement"": 4}","{""addEventListener"": 11}",{}
epndoneeciikmcedfghlglccfnfcfglh_1.1.1.zip,"[""<all_urls>"", ""cookies"", ""activeTab""]","[""activeTab""]",X,{},{},{},"{""chrome.tabs.query"": 2}",{},{},{},{},{},{},{},{},{},{},"{""document.getElementById"": 3, ""document.createElement"": 1}","{""addEventListener"": 2}",{}
leilgdlodkfpinieickphnogonghaocc_5.334.10.742 r5c5fea23.zip,"[""tabs"", ""storage""]",[],X,"{""navigator.clipboard.writeText"": 2}",{},"{""indexedDB.open"": 2, ""chrome.storage.sync.get"": 2, ""chrome.storage.sync.set"": 2}","{""chrome.tabs.query"": 3, ""chrome.tabs.get"": 1, ""chrome.tabs.onUpdated.addListener"": 1, ""chrome.tabs.onActivated.addListener"": 1}",{},{},{},{},{},{},{},{},"{""document.querySelector"": 3}",{},"{""document.getElementById"": 15, ""document.createElement"": 4, ""new MutationObserver"": 1, ""window.open"": 1}","{""addEventListener"": 7}",{}
